-- 03 INSERT DATA INTO TABLES

--INSERT all data from table named “autor”
DELETE FROM autor;
--INSERT data into table named “autor”
INSERT INTO autor (autor_id, nume_autor) VALUES
(	1	,	'	Agârbiceanu Ion 	'	)	,
(	2	,	'	Adameșteanu Gabriela	'	)	,
(	3	,	'	Agopian Ștefan 	'	)	,
(	4	,	'	Aldulescu Radu	'	)	,
(	5	,	'	Alecsandri Vasile 	'	)	,
(	6	,	'	Alexandrescu Grigore 	'	)	,
(	7	,	'	Alexandru Ioan 	'	)	,
(	8	,	'	Anghel Dimitrie 	'	)	,
(	9	,	'	Arghezi Tudor 	'	)	,
(	10	,	'	Aricescu C.D. 	'	)	,
(	11	,	'	Arion George	'	)	,
(	12	,	'	Asachi Gheorghe 	'	)	,
(	13	,	'	Bacovia George 	'	)	,
(	14	,	'	Barac Ioan 	'	)	,
(	15	,	'	Barbu Ion 	'	)	,
(	16	,	'	Baronzi George 	'	)	,
(	17	,	'	Bălăiță George 	'	)	,
(	18	,	'	Bănulescu Ștefan 	'	)	,
(	19	,	'	Beldiceanu Nicolae 	'	)	,
(	20	,	'	Beldiman Alexandru 	'	)	,
(	21	,	'	Blaga Lucian 	'	)	,
(	22	,	'	Blecher M. 	'	)	,
(	23	,	'	Bogza Geo 	'	)	,
(	24	,	'	Bolintineanu Dimitrie 	'	)	,
(	25	,	'	Bolliac Cezar 	'	)	,
(	26	,	'	Brătescu Voinești Alexandru I. 	'	)	,
(	27	,	'	Breban Nicolae 	'	)	,
(	28	,	'	BudaiDeleanu Ion 	'	)	,
(	29	,	'	Bujoreanu I.M. 	'	)	,
(	30	,	'	Cantacuzino Al. 	'	)	,
(	31	,	'	Cantemir Dimitrie 	'	)	,
(	32	,	'	Caragiale I.L. 	'	)	,
(	33	,	'	Caragiale Mateiu 	'	)	,
(	34	,	'	Cârlova Vasile 	'	)	,
(	35	,	'	Călinescu G. 	'	)	,
(	36	,	'	Cărtărescu Mircea 	'	)	,
(	37	,	'	Cioran E.M. 	'	)	,
(	38	,	'	Conachi Costache	'	)	,
(	39	,	'	Costin Miron 	'	)	,
(	40	,	'	Coșbuc George 	'	)	,
(	41	,	'	Crainic Nichifor 	'	)	,
(	42	,	'	Creangă Ion 	'	)	,
(	43	,	'	Cugler Grigore	'	)	,
(	44	,	'	Delavrancea BarbuȘtefănescu 	'	)	,
(	45	,	'	Demetrescu Traian 	'	)	,
(	46	,	'	Dimov Leonid 	'	)	,
(	47	,	'	Doinaș Ștefan Augustin 	'	)	,
(	48	,	'	Dosoftei 	'	)	,
(	49	,	'	EftimiuVictor 	'	)	,
(	50	,	'	Eliade Mircea 	'	)	,
(	51	,	'	Eminescu Mihai 	'	)	,
(	52	,	'	Filimon Nicolae 	'	)	,
(	53	,	'	Galaction Gala 	'	)	,
(	54	,	'	Gârbea Horia 	'	)	,
(	55	,	'	Ghica Ion 	'	)	,
(	56	,	'	Goga Octavian 	'	)	,
(	57	,	'	Goma Paul	'	)	,
(	58	,	'	Groșan Ioan 	'	)	,
(	59	,	'	Gyr Radu 	'	)	,
(	60	,	'	Hasdeu BogdanPetriceicu 	'	)	,
(	61	,	'	Hogaș Calistrat 	'	)	,
(	62	,	'	Horia Vintilă 	'	)	,
(	63	,	'	Iaru Florin	'	)	,
(	64	,	'	Ierunca Virgil 	'	)	,
(	65	,	'	Ionesco Eugëne 	'	)	,
(	66	,	'	Iosif Ștefan Octavian 	'	)	,
(	67	,	'	Istrati Panait 	'	)	,
(	68	,	'	Ivănescu Cezar 	'	)	,
(	69	,	'	Jebeleanu Eugen 	'	)	,
(	70	,	'	Lovinescu Eugen 	'	)	,
(	71	,	'	Lovinescu Horia 	'	)	,
(	72	,	'	Lungu Dan	'	)	,
(	73	,	'	Macedonski Alexandru 	'	)	,
(	74	,	'	Mazilescu Virgil 	'	)	,
(	75	,	'	Mihăescu Gib 	'	)	,
(	76	,	'	Minulescu Ion 	'	)	,
(	77	,	'	Moldovanu Corneliu 	'	)	,
(	78	,	'	Mumuleanu Paris Barbu 	'	)	,
(	79	,	'	Mureșanu Andrei 	'	)	,
(	80	,	'	Neagu Fănuș 	'	)	,
(	81	,	'	Neculce Ion 	'	)	,
(	82	,	'	Nedelciu Mircea 	'	)	,
(	83	,	'	Negruzzi Constantin 	'	)	,
(	84	,	'	Noica Constantin 	'	)	,
(	85	,	'	Odobescu Alexandru 	'	)	,
(	86	,	'	Orlea Oana	'	)	,
(	87	,	'	Pann Anton 	'	)	,
(	88	,	'	PapadatBengescu Hortensia 	'	)	,
(	89	,	'	Paraschivescu Miron Radu 	'	)	,
(	90	,	'	Paraschivescu Radu	'	)	,
(	91	,	'	Patapievici HoriaRoman 	'	)	,
(	92	,	'	Pavel Dan 	'	)	,
(	93	,	'	Pavel Laura	'	)	,
(	94	,	'	Petică Ștefan 	'	)	,
(	95	,	'	Petrescu Camil 	'	)	,
(	96	,	'	Petrescu Cezar 	'	)	,
(	97	,	'	Philippide Alexandru 	'	)	,
(	98	,	'	Pillat Ion 	'	)	,
(	99	,	'	Popescu Dumitru Radu 	'	)	,
(	100	,	'	Popescu Petru	'	)	,
(	101	,	'	Popescu Radu	'	)	,
(	102	,	'	Preda Marin 	'	)	,
(	103	,	'	Rădulescu Ion Heliade 	'	)	,
(	104	,	'	Răzvan Rădulescu	'	)	,
(	105	,	'	Rebreanu Liviu 	'	)	,
(	106	,	'	Roll Stephan 	'	)	,
(	107	,	'	Russo Alecu 	'	)	,
(	108	,	'	Ruști Doina	'	)	,
(	109	,	'	Sadoveanu Ion Marin 	'	)	,
(	110	,	'	Sadoveanu Mihail 	'	)	,
(	111	,	'	Savu Tudor Dumitru 	'	)	,
(	112	,	'	Săulescu Mihail 	'	)	,
(	113	,	'	Sebastian Mihail 	'	)	,
(	114	,	'	Slavici Ioan 	'	)	,
(	115	,	'	Sorescu Marin 	'	)	,
(	116	,	'	Stamate Costache	'	)	,
(	117	,	'	Stancu Zaharia 	'	)	,
(	118	,	'	Stănescu Nichita 	'	)	,
(	119	,	'	Steinhardt Nicu 	'	)	,
(	120	,	'	Stoica Petre 	'	)	,
(	121	,	'	Teodoreanu Ionel 	'	)	,
(	122	,	'	Topârceanu George 	'	)	,
(	123	,	'	Țoiu C. 	'	)	,
(	124	,	'	Ureche Grigore 	'	)	,
(	125	,	'	Urmuz 	'	)	,
(	126	,	'	Ursachi Mihai 	'	)	,
(	127	,	'	Varlaam	'	)	,
(	128	,	'	Văcărescu Ienăchiță   	'	)	,
(	129	,	'	Văcărescu Iancu 	'	)	,
(	130	,	'	Vinea Ion 	'	)	,
(	131	,	'	Vișniec Matei 	'	)	,
(	132	,	'	Voiculescu Vasile 	'	)	,
(	133	,	'	Voronca Ilarie 	'	)	,
(	134	,	'	Zamfirescu Duiliu 	'	)	,
(	135	,	'	Zamfirescu George Mihail 	'	);

--INSERT all data from table named “redactie”
DELETE FROM redactie;
--INSERT data into table named “redactie”
INSERT INTO redactie (redactie_id, nume_redactie) VALUES
(	1	,	'	Editura Academiei Române	'	)	,
(	2	,	'	Editura Accent	'	)	,
(	3	,	'	Editura Adevărul Holding	'	)	,
(	4	,	'	Editura Albatros	'	)	,
(	5	,	'	Editura Aldine	'	)	,
(	6	,	'	Editura ALL	'	)	,
(	7	,	'	Editura ALLFA	'	)	,
(	8	,	'	Editura Altius Media	'	)	,
(	9	,	'	Editura Ambra	'	)	,
(	10	,	'	Editura Andreiana	'	)	,
(	11	,	'	Editura Arania	'	)	,
(	12	,	'	Editura Ars Libri	'	)	,
(	13	,	'	Editura Art	'	)	,
(	14	,	'	Editura Artemis	'	)	,
(	15	,	'	Editura Arthur	'	)	,
(	16	,	'	Editura Booklet	'	)	,
(	17	,	'	Editura Canonica	'	)	,
(	18	,	'	Editura Cartea de Nisip	'	)	,
(	19	,	'	Editura Cartea Universitară	'	)	,
(	20	,	'	Editura Casa Cărții de Știință	'	)	,
(	21	,	'	Editura Călin	'	)	,
(	22	,	'	Editura Ceres	'	)	,
(	23	,	'	Editura Codecs	'	)	,
(	24	,	'	Editura Compania	'	)	,
(	25	,	'	Editura Corint	'	)	,
(	26	,	'	Editura Curtea Veche	'	)	,
(	27	,	'	Editura Cartea Daath	'	)	,
(	28	,	'	Editura Cartea Românească Educațional	'	)	,
(	29	,	'	Editura Dacia	'	)	,
(	30	,	'	Editura Didactică și Pedagogică	'	)	,
(	31	,	'	Editura Eagle	'	)	,
(	32	,	'	Editura Economică	'	)	,
(	33	,	'	Editura Edago	'	)	,
(	34	,	'	Editura Egmont	'	)	,
(	35	,	'	Editura Erc Press	'	)	,
(	36	,	'	Editura Etnous	'	)	,
(	37	,	'	Editura Facla	'	)	,
(	38	,	'	Editura Fundației Culturale Române	'	)	,
(	39	,	'	Editura Gama	'	)	,
(	40	,	'	Editura Ganesha	'	)	,
(	41	,	'	Editura Garamond	'	)	,
(	42	,	'	Editura Muzicală Grafoart	'	)	,
(	43	,	'	Editura Gramar	'	)	,
(	44	,	'	Editura Hamangiu	'	)	,
(	45	,	'	Editura Hasefer	'	)	,
(	46	,	'	Editura Historia	'	)	,
(	47	,	'	Editura Hoffman	'	)	,
(	48	,	'	Editura Humanitas	'	)	,
(	49	,	'	Editura IDEA	'	)	,
(	50	,	'	Editura Ideea Europeană	'	)	,
(	51	,	'	Editura Istros a Muzeului Brăilei	'	)	,
(	52	,	'	Editura Infarom	'	)	,
(	53	,	'	Editura Kriterion	'	)	,
(	54	,	'	Editura Litera	'	)	,
(	55	,	'	Editura Lucman	'	)	,
(	56	,	'	Editura Levant	'	)	,
(	57	,	'	Casa de Editură Max Blecher	'	)	,
(	58	,	'	Editura Mașina de scris	'	)	,
(	59	,	'	Editura Mediamorphosis	'	)	,
(	60	,	'	Editura Meridiane	'	)	,
(	61	,	'	Editura Meronia	'	)	,
(	62	,	'	Editura Minerva	'	)	,
(	63	,	'	Editura Militară	'	)	,
(	64	,	'	Editura Miracol	'	)	,
(	65	,	'	Editura Mușatinia din Roman	'	)	,
(	66	,	'	Editura MyBestseller	'	)	,
(	67	,	'	Editura Națiunea	'	)	,
(	68	,	'	Editura Nemira	'	)	,
(	69	,	'	Editura Niculescu	'	)	,
(	70	,	'	Editura Noapte Alba	'	)	,
(	71	,	'	Editura Nomina	'	)	,
(	72	,	'	Editura Nouă	'	)	,
(	73	,	'	Editura Napoca Nova	'	)	,
(	74	,	'	Editura Paralela 45	'	)	,
(	75	,	'	Editura PIM	'	)	,
(	76	,	'	Editura Polirom	'	)	,
(	77	,	'	Editura Politehnica Press	'	)	,
(	78	,	'	Editura „Politehnica”	'	)	,
(	79	,	'	Editura Politică	'	)	,
(	80	,	'	Editura Publica	'	)	,
(	81	,	'	Editura Pygmalion	'	)	,
(	82	,	'	Editura Rao	'	)	,
(	83	,	'	Editura Ramida	'	)	,
(	84	,	'	Editura Recif	'	)	,
(	85	,	'	Editura Ratio et Revelatio	'	)	,
(	86	,	'	Editura România Rațională	'	)	,
(	87	,	'	Editura Salco	'	)	,
(	88	,	'	Editura Sebastian Publishing House	'	)	,
(	89	,	'	Editura Scrisul Românesc	'	)	,
(	90	,	'	Editura Seven Stars	'	)	,
(	91	,	'	Editura Sfântul Ierarh Nicolae - Brăila - Galați	'	)	,
(	92	,	'	Editura Sfântul Ioan - Brăila - Galați	'	)	,
(	93	,	'	Editura Socec	'	)	,
(	94	,	'	Editura Sport Turism	'	)	,
(	95	,	'	Editura Științifică	'	)	,
(	96	,	'	Editura Științifică și Enciclopedică	'	)	,
(	97	,	'	Editura Tact	'	)	,
(	98	,	'	Editura Teora	'	)	,
(	99	,	'	Editura Tehnică	'	)	,
(	100	,	'	Editura Tineretului	'	)	,
(	101	,	'	Editura Tracus Arte	'	)	,
(	102	,	'	Editura Trei	'	)	,
(	103	,	'	Editura Tritonic, deținută de Bogdan Hrib	'	)	,
(	104	,	'	Editura Triskelion	'	)	,
(	105	,	'	Editura Uniunii Scriitorilor	'	)	,
(	106	,	'	Editura Univers Enciclopedic	'	)	,
(	107	,	'	Editura Universității din București	'	)	,
(	108	,	'	Editura Unirea	'	)	,
(	109	,	'	Editura Universitară	'	)	,
(	110	,	'	Editura Valdo	'	)	,
(	111	,	'	Editura Victor Babeș Timișoara	'	)	,
(	112	,	'	Editura Viață și Sănătate	'	)	,
(	113	,	'	Editura Vinea	'	)	,
(	114	,	'	Editura Virtuală	'	)	,
(	115	,	'	Editura Vivaldi	'	)	,
(	116	,	'	Editura Vremea	'	);

--INSERT all data from table named “limba_carte”
DELETE FROM limba_carte;
--INSERT data into table named “limba_carte”
INSERT INTO limba_carte (limba_id, nume_limba) VALUES
(	1	,	'	Română	'	)	,
(	2	,	'	Chineză	'	)	,
(	3	,	'	Spaniolă	'	)	,
(	4	,	'	Engleză	'	)	,
(	5	,	'	Arabă	'	)	,
(	6	,	'	Hindi	'	)	,
(	7	,	'	Bengaleză	'	)	,
(	8	,	'	Portugheză	'	)	,
(	9	,	'	Rusă	'	)	,
(	10	,	'	Japoneză	'	);

--INSERT all data from table named “met_livrare”
DELETE FROM met_livrare;
--INSERT data into table named “met_livrare”
INSERT INTO met_livrare (met_livrare_id, nume_met_livrare, cost) VALUES
(	1	,	'	Standard	'	,	25	)	,
(	2	,	'	Express	'	,	50	)	,
(	3	,	'	International	'	,	200	);

--INSERT all data from table named “status_adresa”
DELETE FROM status_adresa;
--INSERT data into table named “status_adresa”
INSERT INTO status_adresa (status_id, status_adresa) VALUES
(	1	,	'	Disponibila	')	,
(	2	,	'	Indisponibila	');

--INSERT all data from table named “status_com”
DELETE FROM status_com;
--INSERT data into table named “status_com”
INSERT INTO status_com (status_id, valoare_status) VALUES
(	1	,	'	Comanda primita	')	,
(	2	,	'	Pregatita pentru livrare	')	,
(	3	,	'	Livrare in progres	')	,
(	4	,	'	Livrata	')	,
(	5	,	'	Anulata	')	,
(	6	,	'	Returnata	');

--INSERT all data from table named “carte”
DELETE FROM carte;
--INSERT data into table named “carte”
INSERT INTO carte (carte_id, titlu, limba_id, nr_pagini, data_publicare, redactie_id) VALUES
(	1	,	'	Where the Wild Things Are	'	,	6	,	659	,	'	1943-10-28	'	,	68	)	,
(	2	,	'	The Secret	'	,	3	,	459	,	'	1975-04-14	'	,	102	)	,
(	3	,	'	Fear of Flying	'	,	10	,	275	,	'	1973-04-16	'	,	103	)	,
(	4	,	'	Goodnight Moon	'	,	8	,	362	,	'	1944-02-15	'	,	26	)	,
(	5	,	'	Die unendliche Geschichte	'	,	4	,	403	,	'	1913-08-15	'	,	23	)	,
(	6	,	'	Guess How Much I Love You	'	,	4	,	718	,	'	1995-03-30	'	,	100	)	,
(	7	,	'	Shōgun	'	,	4	,	640	,	'	1945-05-11	'	,	1	)	,
(	8	,	'	The Poky Little Puppy	'	,	8	,	63	,	'	1915-06-19	'	,	104	)	,
(	9	,	'	The Pillars of the Earth	'	,	2	,	991	,	'	1995-04-10	'	,	98	)	,
(	10	,	'	How to Win Friends and Influence People	'	,	10	,	839	,	'	1987-10-15	'	,	75	)	,
(	11	,	'	Das Parfum	'	,	4	,	204	,	'	1932-09-05	'	,	84	)	,
(	12	,	'	The Grapes of Wrath	'	,	9	,	582	,	'	1970-04-30	'	,	50	)	,
(	13	,	'	The Horse Whisperer	'	,	7	,	602	,	'	2000-04-07	'	,	74	)	,
(	14	,	'	La sombra del viento	'	,	7	,	108	,	'	1970-01-18	'	,	108	)	,
(	15	,	'	The Hitchhikers Guide to the Galaxy	'	,	5	,	446	,	'	1958-05-04	'	,	8	)	,
(	16	,	'	Tuesdays with Morrie	'	,	8	,	388	,	'	1935-08-27	'	,	82	)	,
(	17	,	'	Gods Little Acre	'	,	9	,	304	,	'	1993-01-28	'	,	38	)	,
(	18	,	'	Va dove ti porta il cuore	'	,	6	,	415	,	'	1917-10-02	'	,	20	)	,
(	19	,	'	The Outsiders	'	,	1	,	41	,	'	1949-01-06	'	,	104	)	,
(	20	,	'	Charlie and the Chocolate Factory	'	,	4	,	902	,	'	2022-08-22	'	,	4	)	,
(	21	,	'	Noruwei no Mori	'	,	4	,	81	,	'	1979-07-23	'	,	43	)	,
(	22	,	'	The Shack	'	,	3	,	310	,	'	1934-05-07	'	,	24	)	,
(	23	,	'	Peyton Place	'	,	9	,	727	,	'	1995-11-17	'	,	95	)	,
(	24	,	'	Dune	'	,	2	,	150	,	'	1933-05-09	'	,	27	)	,
(	25	,	'	La Peste	'	,	8	,	830	,	'	1915-01-11	'	,	32	)	,
(	26	,	'	人間失格	'	,	8	,	384	,	'	1971-06-19	'	,	87	)	,
(	27	,	'	The Naked Ape	'	,	9	,	955	,	'	1999-09-07	'	,	48	)	,
(	28	,	'	The Bridges of Madison County	'	,	7	,	196	,	'	1948-06-08	'	,	88	)	,
(	29	,	'	Ein Psychologe erlebt das Konzentrationslager	'	,	4	,	477	,	'	1913-09-29	'	,	29	)	,
(	30	,	'	Divina Commedia	'	,	4	,	940	,	'	1963-08-22	'	,	67	)	,
(	31	,	'	Things Fall Apart	'	,	10	,	664	,	'	1966-12-23	'	,	7	)	,
(	32	,	'	The Prophet	'	,	1	,	16	,	'	1957-12-14	'	,	33	)	,
(	33	,	'	The Exorcist	'	,	6	,	790	,	'	1930-03-09	'	,	90	)	,
(	34	,	'	The Gruffalo	'	,	3	,	763	,	'	1915-07-31	'	,	69	)	,
(	35	,	'	Catch-22	'	,	2	,	143	,	'	1996-01-24	'	,	41	)	,
(	36	,	'	Eye of the Needle	'	,	5	,	705	,	'	1971-02-26	'	,	78	)	,
(	37	,	'	A Brief History of Time	'	,	6	,	868	,	'	1940-08-16	'	,	30	)	,
(	38	,	'	The Cat in the Hat	'	,	5	,	643	,	'	1990-07-08	'	,	76	)	,
(	39	,	'	The Lovely Bones	'	,	2	,	575	,	'	1964-03-05	'	,	104	)	,
(	40	,	'	Wild Swans	'	,	7	,	148	,	'	1917-01-19	'	,	77	)	,
(	41	,	'	Santa Evita	'	,	1	,	188	,	'	1937-09-21	'	,	8	)	,
(	42	,	'	Un di Velt Hot Geshvign	'	,	8	,	460	,	'	2006-11-18	'	,	94	)	,
(	43	,	'	The Kite Runner	'	,	7	,	422	,	'	1931-10-01	'	,	73	)	,
(	44	,	'	于丹《论语》心得	'	,	9	,	937	,	'	2020-12-19	'	,	83	)	,
(	45	,	'	The Total Woman	'	,	3	,	398	,	'	1991-03-30	'	,	107	)	,
(	46	,	'	知価革命	'	,	6	,	473	,	'	1948-01-15	'	,	4	)	,
(	47	,	'	中国社会主义经济问题研究	'	,	5	,	286	,	'	1980-01-21	'	,	22	)	,
(	48	,	'	What Color is Your Parachute?	'	,	1	,	536	,	'	2001-10-20	'	,	50	)	,
(	49	,	'	The Dukan Diet	'	,	7	,	441	,	'	1956-06-02	'	,	113	)	,
(	50	,	'	The Joy of Sex	'	,	8	,	666	,	'	1922-12-02	'	,	34	)	,
(	51	,	'	The Gospel According to Peanuts	'	,	4	,	355	,	'	1955-04-09	'	,	40	)	,
(	52	,	'	A Wrinkle in Time	'	,	2	,	527	,	'	2020-12-20	'	,	69	)	,
(	53	,	'	The Late, Great Planet Earth	'	,	2	,	882	,	'	1975-09-14	'	,	90	)	,
(	54	,	'	Who Moved My Cheese?	'	,	5	,	859	,	'	1977-04-21	'	,	18	)	,
(	55	,	'	The Wind in the Willows	'	,	2	,	484	,	'	2018-05-28	'	,	44	)	,
(	56	,	'	Nineteen Eighty-Four	'	,	7	,	129	,	'	2016-08-11	'	,	74	)	,
(	57	,	'	The 7 Habits of Highly Effective People	'	,	8	,	120	,	'	1917-08-04	'	,	33	)	,
(	58	,	'	The Celestine Prophecy	'	,	3	,	992	,	'	1945-01-01	'	,	106	)	,
(	59	,	'	The Hunger Games	'	,	1	,	620	,	'	1943-09-05	'	,	37	)	,
(	60	,	'	The Godfather	'	,	10	,	819	,	'	1939-06-20	'	,	2	)	,
(	61	,	'	Love Story	'	,	7	,	11	,	'	1985-04-30	'	,	80	)	,
(	62	,	'	狼图腾	'	,	2	,	570	,	'	1930-11-19	'	,	8	)	,
(	63	,	'	The Happy Hooker: My Own Story	'	,	7	,	47	,	'	2022-11-03	'	,	27	)	,
(	64	,	'	Jaws	'	,	9	,	615	,	'	1956-12-18	'	,	96	)	,
(	65	,	'	Love You Forever	'	,	8	,	865	,	'	1966-02-10	'	,	97	)	,
(	66	,	'	The Womens Room	'	,	3	,	662	,	'	1967-09-18	'	,	23	)	,
(	67	,	'	What to Expect When You-re Expecting	'	,	4	,	396	,	'	1992-09-05	'	,	77	)	,
(	68	,	'	The Adventures of Huckleberry Finn	'	,	8	,	983	,	'	1982-10-13	'	,	36	)	,
(	69	,	'	The Secret Diary of Adrian Mole	'	,	6	,	934	,	'	1931-08-28	'	,	115	)	,
(	70	,	'	Kon-Tiki: Across the Pacific in a Raft	'	,	2	,	123	,	'	1945-01-28	'	,	114	)	,
(	71	,	'	The Hite Report	'	,	3	,	558	,	'	1973-01-12	'	,	4	)	,
(	72	,	'	Charlottes Web	'	,	4	,	540	,	'	1985-02-05	'	,	82	)	,
(	73	,	'	The Ginger Man	'	,	10	,	389	,	'	1921-01-19	'	,	49	)	,
(	74	,	'	The Tale of Peter Rabbit	'	,	1	,	813	,	'	1989-06-14	'	,	78	)	,
(	75	,	'	Harry Potter and the Deathly Hallows	'	,	4	,	131	,	'	2008-05-03	'	,	77	)	,
(	76	,	'	Jonathan Livingston Seagull	'	,	4	,	780	,	'	2018-06-07	'	,	75	)	,
(	77	,	'	A Message to Garcia	'	,	8	,	985	,	'	1930-03-28	'	,	17	)	,
(	78	,	'	Sofies verden	'	,	5	,	189	,	'	1947-09-09	'	,	34	)	,
(	79	,	'	Angels and Demons	'	,	5	,	215	,	'	1968-01-21	'	,	86	)	,
(	80	,	'	Как закалялась сталь	'	,	10	,	668	,	'	1956-03-17	'	,	18	)	,
(	81	,	'	Война и мир	'	,	4	,	642	,	'	1986-09-10	'	,	28	)	,
(	82	,	'	Le avventure di Pinocchio. Storia di un burattino	'	,	2	,	334	,	'	1943-09-29	'	,	33	)	,
(	83	,	'	You Can Heal Your Life	'	,	8	,	671	,	'	1965-05-17	'	,	93	)	,
(	84	,	'	Kane and Abel	'	,	5	,	121	,	'	1990-09-24	'	,	60	)	,
(	85	,	'	Het Achterhuis	'	,	5	,	623	,	'	1978-09-28	'	,	49	)	,
(	86	,	'	In His Steps: What Would Jesus Do?	'	,	3	,	98	,	'	1942-11-19	'	,	38	)	,
(	87	,	'	To Kill a Mockingbird	'	,	6	,	604	,	'	2015-02-26	'	,	86	)	,
(	88	,	'	Valley of the Dolls	'	,	9	,	242	,	'	1991-04-08	'	,	55	)	,
(	89	,	'	Gone with the Wind	'	,	9	,	362	,	'	1974-05-15	'	,	81	)	,
(	90	,	'	Cien Años de Soledad	'	,	9	,	382	,	'	2010-02-07	'	,	74	)	,
(	91	,	'	The Purpose Driven Life	'	,	2	,	463	,	'	1996-12-30	'	,	87	)	,
(	92	,	'	The Thorn Birds	'	,	10	,	373	,	'	1982-04-21	'	,	66	)	,
(	93	,	'	The Revolt of Mamie Stover	'	,	5	,	219	,	'	1947-04-15	'	,	58	)	,
(	94	,	'	Män som hatar kvinnor	'	,	4	,	622	,	'	1994-11-23	'	,	2	)	,
(	95	,	'	The Very Hungry Caterpillar	'	,	9	,	145	,	'	2010-02-27	'	,	50	)	,
(	96	,	'	The Lion, the Witch and the Wardrobe	'	,	7	,	982	,	'	1930-11-03	'	,	48	)	,
(	97	,	'	She. A History of Adventure	'	,	6	,	934	,	'	1923-08-09	'	,	102	)	,
(	98	,	'	The Da Vinci Code	'	,	5	,	831	,	'	1970-09-21	'	,	103	)	,
(	99	,	'	Think and Grow Rich	'	,	1	,	898	,	'	1927-12-18	'	,	47	)	,
(	100	,	'	The Catcher in the Rye	'	,	10	,	264	,	'	1997-07-21	'	,	12	)	,
(	101	,	'	O Alquimista	'	,	4	,	703	,	'	1962-06-17	'	,	33	)	,
(	102	,	'	Steps to Christ	'	,	2	,	334	,	'	1957-01-12	'	,	82	)	,
(	103	,	'	Lolita	'	,	7	,	2	,	'	2001-09-10	'	,	25	)	,
(	104	,	'	Heidis Lehr- und Wanderjahre	'	,	6	,	762	,	'	1999-01-13	'	,	89	)	,
(	105	,	'	The Common Sense Book of Baby and Child Care	'	,	8	,	510	,	'	1914-11-20	'	,	104	)	,
(	106	,	'	Anne of Green Gables	'	,	5	,	374	,	'	2014-04-02	'	,	4	)	,
(	107	,	'	Black Beauty: His Grooms and Companions: The autobiography of a horse	'	,	8	,	333	,	'	1937-10-18	'	,	39	)	,
(	108	,	'	Il Nome della Rosa	'	,	3	,	282	,	'	1976-04-20	'	,	58	)	,
(	109	,	'	The Eagle Has Landed	'	,	2	,	123	,	'	1926-12-21	'	,	44	)	,
(	110	,	'	Watership Down	'	,	5	,	342	,	'	1927-12-18	'	,	81	)	,
(	111	,	'	Don Quijote de la Mancha	'	,	6	,	893	,	'	1923-12-08	'	,	109	)	,
(	112	,	'	A Tale of Two Cities	'	,	9	,	841	,	'	1947-04-23	'	,	28	)	,
(	113	,	'	Le Petit Prince	'	,	6	,	2	,	'	1973-01-29	'	,	106	)	,
(	114	,	'	The Lord of the Rings	'	,	8	,	942	,	'	2018-05-06	'	,	105	)	,
(	115	,	'	The Hobbit	'	,	7	,	726	,	'	1969-07-30	'	,	99	)	,
(	116	,	'	Hong lou meng	'	,	7	,	415	,	'	1916-02-05	'	,	113	)	,
(	117	,	'	And Then There Were None	'	,	3	,	536	,	'	2009-12-08	'	,	41	);

--INSERT all data from table named “autor_carte”
DELETE FROM autor_carte;
--INSERT data into table named “autor_carte”
INSERT INTO autor_carte (carte_id, autor_id) VALUES
(	1	,	70	)	,
(	2	,	105	)	,
(	3	,	22	)	,
(	4	,	66	)	,
(	5	,	102	)	,
(	6	,	30	)	,
(	7	,	112	)	,
(	8	,	42	)	,
(	9	,	121	)	,
(	10	,	124	)	,
(	11	,	30	)	,
(	12	,	71	)	,
(	13	,	74	)	,
(	14	,	124	)	,
(	15	,	74	)	,
(	16	,	48	)	,
(	17	,	94	)	,
(	18	,	111	)	,
(	19	,	133	)	,
(	20	,	6	)	,
(	21	,	33	)	,
(	22	,	45	)	,
(	23	,	117	)	,
(	24	,	44	)	,
(	25	,	3	)	,
(	26	,	57	)	,
(	27	,	83	)	,
(	28	,	94	)	,
(	29	,	29	)	,
(	30	,	1	)	,
(	31	,	117	)	,
(	32	,	3	)	,
(	33	,	83	)	,
(	34	,	125	)	,
(	35	,	46	)	,
(	36	,	63	)	,
(	37	,	67	)	,
(	38	,	36	)	,
(	39	,	31	)	,
(	40	,	8	)	,
(	41	,	42	)	,
(	42	,	70	)	,
(	43	,	1	)	,
(	44	,	84	)	,
(	45	,	87	)	,
(	46	,	42	)	,
(	47	,	78	)	,
(	48	,	6	)	,
(	49	,	99	)	,
(	50	,	113	)	,
(	51	,	90	)	,
(	52	,	107	)	,
(	53	,	55	)	,
(	54	,	35	)	,
(	55	,	83	)	,
(	56	,	101	)	,
(	57	,	83	)	,
(	58	,	84	)	,
(	59	,	50	)	,
(	60	,	54	)	,
(	61	,	96	)	,
(	62	,	64	)	,
(	63	,	120	)	,
(	64	,	51	)	,
(	65	,	17	)	,
(	66	,	85	)	,
(	67	,	99	)	,
(	68	,	96	)	,
(	69	,	19	)	,
(	70	,	110	)	,
(	71	,	116	)	,
(	72	,	26	)	,
(	73	,	109	)	,
(	74	,	28	)	,
(	75	,	8	)	,
(	76	,	29	)	,
(	77	,	118	)	,
(	78	,	17	)	,
(	79	,	128	)	,
(	80	,	128	)	,
(	81	,	71	)	,
(	82	,	115	)	,
(	83	,	43	)	,
(	84	,	4	)	,
(	85	,	15	)	,
(	86	,	130	)	,
(	87	,	113	)	,
(	88	,	20	)	,
(	89	,	66	)	,
(	90	,	109	)	,
(	91	,	61	)	,
(	92	,	82	)	,
(	93	,	18	)	,
(	94	,	52	)	,
(	95	,	81	)	,
(	96	,	104	)	,
(	97	,	7	)	,
(	98	,	43	)	,
(	99	,	16	)	,
(	100	,	42	)	,
(	101	,	119	)	,
(	102	,	119	)	,
(	103	,	128	)	,
(	104	,	14	)	,
(	105	,	44	)	,
(	106	,	49	)	,
(	107	,	6	)	,
(	108	,	131	)	,
(	109	,	125	)	,
(	110	,	38	)	,
(	111	,	5	)	,
(	112	,	111	)	,
(	113	,	54	)	,
(	114	,	84	)	,
(	115	,	77	)	,
(	116	,	122	)	,
(	117	,	81	);

--DELETE all data from table named “tara”
DELETE FROM tara;
--ALTER COLUMN "nume_tara" - Too short
ALTER TABLE tara ALTER COLUMN nume_tara TYPE varchar(100);
--INSERT data into table named “tara”
INSERT INTO tara (tara_id, nume_tara) VALUES
(	1	,	'	China	'	)	,
(	2	,	'	India	'	)	,
(	3	,	'	Statele Unite ale Americii	'	)	,
(	4	,	'	Indonezia	'	)	,
(	5	,	'	Pakistan	'	)	,
(	6	,	'	Nigeria	'	)	,
(	7	,	'	Brazilia	'	)	,
(	8	,	'	Bangladesh	'	)	,
(	9	,	'	Rusia	'	)	,
(	10	,	'	Mexic	'	)	,
(	11	,	'	Japonia	'	)	,
(	12	,	'	Filipine	'	)	,
(	13	,	'	Etiopia	'	)	,
(	14	,	'	Egipt	'	)	,
(	15	,	'	Vietnam	'	)	,
(	16	,	'	Republica Democrată Congo	'	)	,
(	17	,	'	Iran	'	)	,
(	18	,	'	Turcia	'	)	,
(	19	,	'	Germania	'	)	,
(	20	,	'	Franța	'	)	,
(	21	,	'	Regatul Unit	'	)	,
(	22	,	'	Thailanda	'	)	,
(	23	,	'	Tanzania	'	)	,
(	24	,	'	Africa de Sud	'	)	,
(	25	,	'	Italia	'	)	,
(	26	,	'	Myanmar	'	)	,
(	27	,	'	Coreea de Sud	'	)	,
(	28	,	'	Columbia	'	)	,
(	29	,	'	Kenya	'	)	,
(	30	,	'	Spania	'	)	,
(	31	,	'	Argentina	'	)	,
(	32	,	'	Algeria	'	)	,
(	33	,	'	Sudan	'	)	,
(	34	,	'	Uganda	'	)	,
(	35	,	'	Irak	'	)	,
(	36	,	'	Ucraina	'	)	,
(	37	,	'	Canada	'	)	,
(	38	,	'	Polonia	'	)	,
(	39	,	'	Maroc	'	)	,
(	40	,	'	Uzbekistan	'	)	,
(	41	,	'	Arabia Saudită	'	)	,
(	42	,	'	Peru	'	)	,
(	43	,	'	Angola	'	)	,
(	44	,	'	Afghanistan	'	)	,
(	45	,	'	Malaysia	'	)	,
(	46	,	'	Mozambic	'	)	,
(	47	,	'	Yemen	'	)	,
(	48	,	'	Ghana	'	)	,
(	49	,	'	Côte d-Ivoire	'	)	,
(	50	,	'	Venezuela	'	)	,
(	51	,	'	Nepal	'	)	,
(	52	,	'	Madagascar	'	)	,
(	53	,	'	Australia	'	)	,
(	54	,	'	Coreea de Nord	'	)	,
(	55	,	'	Camerun	'	)	,
(	56	,	'	Niger	'	)	,
(	57	,	'	Republica China 	'	)	,
(	58	,	'	Sri Lanka	'	)	,
(	59	,	'	Burkina Faso	'	)	,
(	60	,	'	Malawi	'	)	,
(	61	,	'	Mali	'	)	,
(	62	,	'	Chile	'	)	,
(	63	,	'	Kazakhstan	'	)	,
(	64	,	'	România	'	)	,
(	65	,	'	Zambia	'	)	,
(	66	,	'	Siria	'	)	,
(	67	,	'	Ecuador	'	)	,
(	68	,	'	Țările de Jos	'	)	,
(	69	,	'	Senegal	'	)	,
(	70	,	'	Guatemala	'	)	,
(	71	,	'	Ciad	'	)	,
(	72	,	'	Somalia	'	)	,
(	73	,	'	Cambodgia	'	)	,
(	74	,	'	Zimbabwe	'	)	,
(	75	,	'	Sudanul de Sud	'	)	,
(	76	,	'	Rwanda	'	)	,
(	77	,	'	Guinea	'	)	,
(	78	,	'	Burundi	'	)	,
(	79	,	'	Benin	'	)	,
(	80	,	'	Tunisia	'	)	,
(	81	,	'	Bolivia	'	)	,
(	82	,	'	Haiti	'	)	,
(	83	,	'	Belgia	'	)	,
(	84	,	'	Iordania	'	)	,
(	85	,	'	Cuba	'	)	,
(	86	,	'	Republica Dominicană	'	)	,
(	87	,	'	Republica Cehă	'	)	,
(	88	,	'	Suedia	'	)	,
(	89	,	'	Grecia	'	)	,
(	90	,	'	Portugalia	'	)	,
(	91	,	'	Azerbaijan	'	)	,
(	92	,	'	Ungaria	'	)	,
(	93	,	'	Israel	'	)	,
(	94	,	'	Honduras	'	)	,
(	95	,	'	Tajikistan	'	)	,
(	96	,	'	Emiratele Arabe Unite	'	)	,
(	97	,	'	Belarus	'	)	,
(	98	,	'	Papua Noua Guinee	'	)	,
(	99	,	'	Austria	'	)	,
(	100	,	'	Elveția	'	)	,
(	101	,	'	Sierra Leone	'	)	,
(	102	,	'	Togo	'	)	,
(	103	,	'	Paraguay	'	)	,
(	104	,	'	Laos	'	)	,
(	105	,	'	Libia	'	)	,
(	106	,	'	El Salvador	'	)	,
(	107	,	'	Serbia	'	)	,
(	108	,	'	Liban	'	)	,
(	109	,	'	Kîrgîzstan	'	)	,
(	110	,	'	Nicaragua	'	)	,
(	111	,	'	Bulgaria	'	)	,
(	112	,	'	Turkmenistan	'	)	,
(	113	,	'	Danemarca	'	)	,
(	114	,	'	Congo	'	)	,
(	115	,	'	Republica Centrafricană	'	)	,
(	116	,	'	Finlanda	'	)	,
(	117	,	'	Singapore	'	)	,
(	118	,	'	Norvegia	'	)	,
(	119	,	'	Slovacia	'	)	,
(	120	,	'	Palestina	'	)	,
(	121	,	'	Costa Rica	'	)	,
(	122	,	'	Noua Zeelandă	'	)	,
(	123	,	'	Irlanda	'	)	,
(	124	,	'	Kuwait	'	)	,
(	125	,	'	Liberia	'	)	,
(	126	,	'	Oman	'	)	,
(	127	,	'	Panama	'	)	,
(	128	,	'	Mauritania	'	)	,
(	129	,	'	Croația	'	)	,
(	130	,	'	Georgia	'	)	,
(	131	,	'	Eritreea	'	)	,
(	132	,	'	Uruguay	'	)	,
(	133	,	'	Mongolia	'	)	,
(	134	,	'	Bosnia și Herțegovina	'	)	,
(	135	,	'	Puerto Rico 	'	)	,
(	136	,	'	Armenia	'	)	,
(	137	,	'	Lituania	'	)	,
(	138	,	'	Albania	'	)	,
(	139	,	'	Qatar	'	)	,
(	140	,	'	Jamaica	'	)	,
(	141	,	'	Moldova	'	)	,
(	142	,	'	Namibia	'	)	,
(	143	,	'	Gambia	'	)	,
(	144	,	'	Botswana	'	)	,
(	145	,	'	Gabon	'	)	,
(	146	,	'	Lesotho	'	)	,
(	147	,	'	Slovenia	'	)	,
(	148	,	'	Letonia	'	)	,
(	149	,	'	Macedonia de Nord	'	)	,
(	150	,	'	Kosovo	'	)	,
(	151	,	'	Guinea-Bissau	'	)	,
(	152	,	'	Guineea Ecuatorială	'	)	,
(	153	,	'	Bahrain	'	)	,
(	154	,	'	Trinidad-Tobago	'	)	,
(	155	,	'	Estonia	'	)	,
(	156	,	'	Timorul de Est	'	)	,
(	157	,	'	Mauritius	'	)	,
(	158	,	'	Eswatini	'	)	,
(	159	,	'	Djibouti	'	)	,
(	160	,	'	Fiji	'	)	,
(	161	,	'	Cipru	'	)	,
(	162	,	'	Bhutan	'	)	,
(	163	,	'	Comore	'	)	,
(	164	,	'	Guyana	'	)	,
(	165	,	'	Insulele Solomon	'	)	,
(	166	,	'	Macau 	'	)	,
(	167	,	'	Luxemburg	'	)	,
(	168	,	'	Muntenegru	'	)	,
(	169	,	'	Sahara Occidentală	'	)	,
(	170	,	'	Surinam	'	)	,
(	171	,	'	Capul Verde	'	)	,
(	172	,	'	Malta	'	)	,
(	173	,	'	Belize	'	)	,
(	174	,	'	Brunei	'	)	,
(	175	,	'	Bahamas	'	)	,
(	176	,	'	Maldive	'	)	,
(	177	,	'	Ciprul de Nord	'	)	,
(	178	,	'	Islanda	'	)	,
(	179	,	'	Transnistria	'	)	,
(	180	,	'	Vanuatu	'	)	,
(	181	,	'	Barbados	'	)	,
(	182	,	'	Polinezia Franceză	'	)	,
(	183	,	'	Noua Caledonie	'	)	,
(	184	,	'	Abhazia	'	)	,
(	185	,	'	São Tomé și Príncipe	'	)	,
(	186	,	'	Samoa	'	)	,
(	187	,	'	Sfânta Lucia	'	)	,
(	188	,	'	Guam 	'	)	,
(	189	,	'	Curaçao	'	)	,
(	190	,	'	Arțah	'	)	,
(	191	,	'	Kiribati	'	)	,
(	192	,	'	Grenada	'	)	,
(	193	,	'	Aruba 	'	)	,
(	194	,	'	Sfântul Vicențiu și Grenadine	'	)	,
(	195	,	'	Jersey	'	)	,
(	196	,	'	Statele Federate ale Microneziei	'	)	,
(	197	,	'	Tonga	'	)	,
(	198	,	'	Antigua și Barbuda	'	)	,
(	199	,	'	Seychelles	'	)	,
(	200	,	'	Insulele Virgine Americane 	'	)	,
(	201	,	'	Insula Man 	'	)	,
(	202	,	'	Andorra	'	)	,
(	203	,	'	Dominica	'	)	,
(	204	,	'	Insulele Cayman 	'	)	,
(	205	,	'	Bermuda	'	)	,
(	206	,	'	Guernsey 	'	)	,
(	207	,	'	Groenlanda 	'	)	,
(	208	,	'	Insulele Marshall	'	)	,
(	209	,	'	Sfântul Kitts și Nevis	'	)	,
(	210	,	'	Insulele Feroe 	'	)	,
(	211	,	'	Osetia de Sud	'	)	,
(	212	,	'	Samoa Americană 	'	)	,
(	213	,	'	Comunitatea Insulelor Mariane de Nord 	'	)	,
(	214	,	'	Insulele Turks și Caicos 	'	)	,
(	215	,	'	Sint Maarten 	'	)	,
(	216	,	'	Liechtenstein	'	)	,
(	217	,	'	Monaco	'	)	,
(	218	,	'	Gibraltar 	'	)	,
(	219	,	'	San Marino	'	)	,
(	220	,	'	Saint-Martin 	'	)	,
(	221	,	'	Insulele Åland 	'	)	,
(	222	,	'	Insulele Virgine Britanice 	'	)	,
(	223	,	'	Palau	'	)	,
(	224	,	'	Insulele Cook	'	)	,
(	225	,	'	Anguilla	'	)	,
(	226	,	'	Nauru	'	)	,
(	227	,	'	Wallis și Futuna 	'	)	,
(	228	,	'	Tuvalu	'	)	,
(	229	,	'	Saint-Barthélemy 	'	)	,
(	230	,	'	Insula Sfânta Elena 	'	)	,
(	231	,	'	Saint Pierre și Miquelon 	'	)	,
(	232	,	'	Montserrat 	'	)	,
(	233	,	'	Insulele Falkland 	'	)	,
(	234	,	'	Insula Crăciunului 	'	)	,
(	235	,	'	Insula Norfolk 	'	)	,
(	236	,	'	Niue 	'	)	,
(	237	,	'	Tokelau 	'	)	,
(	238	,	'	Vatican	'	)	,
(	239	,	'	Insulele Cocos 	'	)	,
(	240	,	'	Insulele Pitcairn 	'	);

--INSERT all data from table named “adresa”
DELETE FROM adresa;
--INSERT data into table named “adresa”
INSERT INTO adresa (adresa_id, nume_strada, numar_strada, oras, tara_id) VALUES
(	1	,	'	Bulevardul Timişoara	'	,	2	,	'	Bucuresti	'	,	180	)	,
(	2	,	'	Aleea Poiana Cernei	'	,	49	,	'	Bucuresti	'	,	133	)	,
(	3	,	'	Aleea Poiana Cernei 	'	,	30	,	'	Bucuresti	'	,	89	)	,
(	4	,	'	Aleea Poiana Cernei 	'	,	9	,	'	Bucuresti	'	,	230	)	,
(	5	,	'	Aleea Valea Florilor 	'	,	28	,	'	Bucuresti	'	,	219	)	,
(	6	,	'	Strada Braşov 	'	,	39	,	'	Bucuresti	'	,	179	)	,
(	7	,	'	Strada Braşov 	'	,	2	,	'	Bucuresti	'	,	216	)	,
(	8	,	'	Strada Braşov 	'	,	24	,	'	Bucuresti	'	,	103	)	,
(	9	,	'	Aleea Bucsenesti 	'	,	36	,	'	Bucuresti	'	,	89	)	,
(	10	,	'	Aleea Bucsenesti 	'	,	41	,	'	Bucuresti	'	,	36	)	,
(	11	,	'	Strada Braşov 	'	,	5	,	'	Bucuresti	'	,	36	)	,
(	12	,	'	Strada Braşov 	'	,	18	,	'	Bucuresti	'	,	184	)	,
(	13	,	'	Aleea Poiana Vadului 	'	,	15	,	'	Bucuresti	'	,	179	)	,
(	14	,	'	Aleea Poiana Cernei 	'	,	50	,	'	Bucuresti	'	,	212	)	,
(	15	,	'	Strada Prăvăţ 	'	,	44	,	'	Bucuresti	'	,	214	)	,
(	16	,	'	Aleea Prăvăţ 	'	,	3	,	'	Bucuresti	'	,	62	)	,
(	17	,	'	Aleea Dumbrăviţa 	'	,	41	,	'	Bucuresti	'	,	228	)	,
(	18	,	'	Strada Sibiu 	'	,	19	,	'	Bucuresti	'	,	87	)	,
(	19	,	'	Strada Sibiu 	'	,	18	,	'	Bucuresti	'	,	110	)	,
(	20	,	'	Drumul Taberei 	'	,	26	,	'	Bucuresti	'	,	68	)	,
(	21	,	'	Drumul Taberei 	'	,	28	,	'	Bucuresti	'	,	221	)	,
(	22	,	'	Strada Braşov 	'	,	20	,	'	Bucuresti	'	,	91	)	,
(	23	,	'	Bulevardul Timişoara 	'	,	2	,	'	Bucuresti	'	,	110	)	,
(	24	,	'	Bulevardul Timişoara 	'	,	5	,	'	Bucuresti	'	,	29	)	,
(	25	,	'	Aleea Poiana Vadului 	'	,	41	,	'	Bucuresti	'	,	173	)	,
(	26	,	'	Aleea Bujoreni 	'	,	38	,	'	Bucuresti	'	,	232	)	,
(	27	,	'	Aleea Valea Siretului 	'	,	30	,	'	Bucuresti	'	,	114	)	,
(	28	,	'	Aleea Valea Siretului 	'	,	45	,	'	Bucuresti	'	,	156	)	,
(	29	,	'	Strada Pravăţ 	'	,	23	,	'	Bucuresti	'	,	220	)	,
(	30	,	'	Strada Pravăţ	'	,	24	,	'	Bucuresti	'	,	14	)	,
(	31	,	'	Strada Pravăţ 	'	,	6	,	'	Bucuresti	'	,	62	)	,
(	32	,	'	Strada Pravăţ 	'	,	39	,	'	Bucuresti	'	,	186	)	,
(	33	,	'	Strada Pravăţ 	'	,	36	,	'	Bucuresti	'	,	8	)	,
(	34	,	'	Strada Pravăţ 	'	,	48	,	'	Bucuresti	'	,	189	)	,
(	35	,	'	Aleea Valea Florilor	'	,	45	,	'	Bucuresti	'	,	197	)	,
(	36	,	'	Aleea Valea Florilor	'	,	42	,	'	Bucuresti	'	,	162	)	,
(	37	,	'	Strada Braşov 	'	,	32	,	'	Bucuresti	'	,	138	)	,
(	38	,	'	Bulevardul Timişoara 	'	,	23	,	'	Bucuresti	'	,	79	)	,
(	39	,	'	Bulevardul Timişoara 	'	,	48	,	'	Bucuresti	'	,	50	)	,
(	40	,	'	Bulevardul Timişoara	'	,	24	,	'	Bucuresti	'	,	222	)	,
(	41	,	'	Drumul Taberei 	'	,	10	,	'	Bucuresti	'	,	57	)	,
(	42	,	'	Drumul Taberei 	'	,	12	,	'	Bucuresti	'	,	36	)	,
(	43	,	'	Drumul Taberei 	'	,	8	,	'	Bucuresti	'	,	215	)	,
(	44	,	'	Drumul Taberei 	'	,	38	,	'	Bucuresti	'	,	37	)	,
(	45	,	'	Drumul Taberei 	'	,	23	,	'	Bucuresti	'	,	81	)	,
(	46	,	'	Drumul Taberei 	'	,	23	,	'	Bucuresti	'	,	14	)	,
(	47	,	'	Bulevardul Timişoara 	'	,	25	,	'	Bucuresti	'	,	33	)	,
(	48	,	'	Aleea Dumbrăviţa 	'	,	47	,	'	Bucuresti	'	,	197	)	,
(	49	,	'	Bulevardul Timişoara 	'	,	41	,	'	Bucuresti	'	,	125	)	,
(	50	,	'	Bulevardul Timişoara 	'	,	9	,	'	Bucuresti	'	,	18	)	,
(	51	,	'	Strada Cerbului 	'	,	40	,	'	Hunedoara	'	,	5	)	,
(	52	,	'	Strada Cerbului 	'	,	8	,	'	Hunedoara	'	,	93	)	,
(	53	,	'	Strada Cerbului 	'	,	13	,	'	Hunedoara	'	,	103	)	,
(	54	,	'	Strada Cerbului 	'	,	27	,	'	Hunedoara	'	,	131	)	,
(	55	,	'	Strada Cerbului 	'	,	4	,	'	Hunedoara	'	,	39	)	,
(	56	,	'	Strada Căprioarei 	'	,	35	,	'	Hunedoara	'	,	153	)	,
(	57	,	'	Strada Mihai Viteazul 	'	,	18	,	'	Hunedoara	'	,	168	)	,
(	58	,	'	Strada Bucegi 	'	,	16	,	'	Hunedoara	'	,	192	)	,
(	59	,	'	Strada Bucegi 	'	,	10	,	'	Hunedoara	'	,	79	)	,
(	60	,	'	Strada Bucegi 	'	,	24	,	'	Hunedoara	'	,	165	)	,
(	61	,	'	Strada Bucegi 	'	,	27	,	'	Hunedoara	'	,	227	)	,
(	62	,	'	Strada Căprioarei 	'	,	50	,	'	Hunedoara	'	,	179	)	,
(	63	,	'	Strada Runcului	'	,	45	,	'	Hunedoara	'	,	66	)	,
(	64	,	'	Bulevardul Traian 	'	,	33	,	'	Hunedoara	'	,	220	)	,
(	65	,	'	Bulevardul Traian 	'	,	28	,	'	Hunedoara	'	,	174	)	,
(	66	,	'	Bulevardul Traian 	'	,	42	,	'	Hunedoara	'	,	154	)	,
(	67	,	'	Bulevardul Traian 	'	,	45	,	'	Hunedoara	'	,	206	)	,
(	68	,	'	Bulevardul Dacia 	'	,	2	,	'	Hunedoara	'	,	112	)	,
(	69	,	'	Bulevardul Dacia 	'	,	27	,	'	Hunedoara	'	,	104	)	,
(	70	,	'	Bulevardul Dacia 	'	,	12	,	'	Hunedoara	'	,	163	)	,
(	71	,	'	Strada Căprioarei 	'	,	39	,	'	Hunedoara	'	,	8	)	,
(	72	,	'	Strada Runcului 	'	,	7	,	'	Hunedoara	'	,	22	)	,
(	73	,	'	Strada Mihai Viteazul 	'	,	14	,	'	Hunedoara	'	,	174	)	,
(	74	,	'	Strada Căprioarei 	'	,	9	,	'	Hunedoara	'	,	34	)	,
(	75	,	'	Strada Runcului 	'	,	45	,	'	Hunedoara	'	,	145	)	,
(	76	,	'	Strada Mihai Viteazul 	'	,	15	,	'	Hunedoara	'	,	77	)	,
(	77	,	'	Strada Mihai Viteazul 	'	,	39	,	'	Hunedoara	'	,	93	)	,
(	78	,	'	Strada Cerbului 	'	,	17	,	'	Hunedoara	'	,	232	)	,
(	79	,	'	Strada Cerbului 	'	,	17	,	'	Hunedoara	'	,	63	)	,
(	80	,	'	Strada Cerbului 	'	,	15	,	'	Hunedoara	'	,	197	)	,
(	81	,	'	Cerbului 	'	,	5	,	'	Hunedoara	'	,	74	)	,
(	82	,	'	Cerbului 	'	,	22	,	'	Hunedoara	'	,	46	)	,
(	83	,	'	Cerbului 	'	,	11	,	'	Hunedoara	'	,	93	)	,
(	84	,	'	Cerbului 	'	,	19	,	'	Hunedoara	'	,	40	)	,
(	85	,	'	Strada Mihai Viteazul 	'	,	25	,	'	Hunedoara	'	,	213	)	,
(	86	,	'	Strada Stejar 	'	,	47	,	'	Iasi	'	,	76	)	,
(	87	,	'	Strada Stejar 	'	,	40	,	'	Iasi	'	,	89	)	,
(	88	,	'	Strada Petre Ispirescu 	'	,	24	,	'	Iasi	'	,	209	)	,
(	89	,	'	Strada Ion Creangă 	'	,	29	,	'	Iasi	'	,	200	)	,
(	90	,	'	Strada Vasile Lupu 	'	,	36	,	'	Iasi	'	,	211	)	,
(	91	,	'	Strada Ion Creangă 	'	,	30	,	'	Iasi	'	,	71	)	,
(	92	,	'	Strada Ion Creangă 	'	,	30	,	'	Iasi	'	,	92	)	,
(	93	,	'	Strada Ion Creangă	'	,	15	,	'	Iasi	'	,	38	)	,
(	94	,	'	Strada Vasile Lupu 	'	,	9	,	'	Iasi	'	,	4	)	,
(	95	,	'	Strada Eternitate 	'	,	1	,	'	Iasi	'	,	19	)	,
(	96	,	'	Strada Stejar 	'	,	16	,	'	Iasi	'	,	32	)	,
(	97	,	'	Strada Ion Creangă 	'	,	34	,	'	Iasi	'	,	92	)	,
(	98	,	'	Strada Doctor Emil Savini 	'	,	16	,	'	Iasi	'	,	3	)	,
(	99	,	'	Strada Ion Creangă 	'	,	32	,	'	Iasi	'	,	233	)	,
(	100	,	'	Strada Doctor Emil Savini 	'	,	17	,	'	Iasi	'	,	80	)	,
(	101	,	'	Strada Ion Creangă 	'	,	46	,	'	Iasi	'	,	174	)	,
(	102	,	'	Strada Doctor Emil Savini 	'	,	40	,	'	Iasi	'	,	80	)	,
(	103	,	'	Strada Stejar 	'	,	7	,	'	Iasi	'	,	162	)	,
(	104	,	'	Strada Stejar 	'	,	24	,	'	Iasi	'	,	160	)	,
(	105	,	'	Strada Stejar 	'	,	19	,	'	Iasi	'	,	94	)	,
(	106	,	'	Strada Stejar	'	,	12	,	'	Iasi	'	,	43	)	,
(	107	,	'	Strada Ion Creangă 	'	,	45	,	'	Iasi	'	,	104	)	,
(	108	,	'	Strada Ion Creangă 	'	,	48	,	'	Iasi	'	,	196	)	,
(	109	,	'	Strada Ion Creangă 	'	,	21	,	'	Iasi	'	,	63	)	,
(	110	,	'	Strada Doctor Emil Savini 	'	,	25	,	'	Iasi	'	,	71	)	,
(	111	,	'	Strada Pictorului 	'	,	44	,	'	Iasi	'	,	158	)	,
(	112	,	'	Strada Ion Creangă 	'	,	36	,	'	Iasi	'	,	204	)	,
(	113	,	'	Strada Vasile Lupu 	'	,	48	,	'	Iasi	'	,	101	)	,
(	114	,	'	Strada Ciric 	'	,	13	,	'	Iasi	'	,	11	)	,
(	115	,	'	Strada Vasile Lupu 	'	,	28	,	'	Iasi	'	,	217	)	,
(	116	,	'	Strada Ciric 	'	,	46	,	'	Iasi	'	,	153	)	,
(	117	,	'	Strada Ion Creangă 	'	,	42	,	'	Iasi	'	,	115	)	,
(	118	,	'	Strada Ciric 	'	,	38	,	'	Iasi	'	,	218	)	,
(	119	,	'	Strada Stejar 	'	,	28	,	'	Iasi	'	,	78	)	,
(	120	,	'	Strada Stejar 	'	,	17	,	'	Iasi	'	,	28	)	,
(	121	,	'	Strada Doctor Emil Savini 	'	,	19	,	'	Iasi	'	,	53	)	,
(	122	,	'	Strada Ion Creangă	'	,	32	,	'	Iasi	'	,	62	)	,
(	123	,	'	Strada Ion Creangă	'	,	24	,	'	Iasi	'	,	236	)	,
(	124	,	'	Strada Ion Creangă	'	,	26	,	'	Iasi	'	,	53	)	,
(	125	,	'	Strada Stejar 	'	,	16	,	'	Iasi	'	,	119	)	,
(	126	,	'	Strada Ciric 	'	,	3	,	'	Iasi	'	,	93	)	,
(	127	,	'	Strada Stejar 	'	,	30	,	'	Iasi	'	,	117	)	,
(	128	,	'	Strada Stejar 	'	,	18	,	'	Iasi	'	,	150	)	,
(	129	,	'	Strada Stejar 	'	,	12	,	'	Iasi	'	,	26	)	,
(	130	,	'	Strada Stejar 	'	,	19	,	'	Iasi	'	,	156	)	,
(	131	,	'	Strada Stejar 	'	,	32	,	'	Iasi	'	,	170	)	,
(	132	,	'	Strada Stejar 	'	,	44	,	'	Iasi	'	,	68	)	,
(	133	,	'	Strada Ciric 	'	,	41	,	'	Iasi	'	,	134	)	,
(	134	,	'	Strada Ciric 	'	,	5	,	'	Iasi	'	,	54	)	,
(	135	,	'	Strada Ciric 	'	,	23	,	'	Iasi	'	,	190	)	,
(	136	,	'	Strada Cornăţel 	'	,	36	,	'	Ploiesti	'	,	192	)	,
(	137	,	'	Strada Cornăţel 	'	,	21	,	'	Ploiesti	'	,	147	)	,
(	138	,	'	Strada Mihai Bravu 	'	,	45	,	'	Ploiesti	'	,	179	)	,
(	139	,	'	Strada Mihai Bravu 	'	,	16	,	'	Ploiesti	'	,	47	)	,
(	140	,	'	Strada Sabinelor 	'	,	46	,	'	Ploiesti	'	,	130	)	,
(	141	,	'	Strada Mihai Bravu 	'	,	6	,	'	Ploiesti	'	,	5	)	,
(	142	,	'	Strada Mihai Bravu 	'	,	21	,	'	Ploiesti	'	,	165	)	,
(	143	,	'	Strada Mihai Bravu 	'	,	25	,	'	Ploiesti	'	,	72	)	,
(	144	,	'	Strada Mihai Bravu 	'	,	22	,	'	Ploiesti	'	,	79	)	,
(	145	,	'	Strada Mihai Bravu 	'	,	17	,	'	Ploiesti	'	,	238	)	,
(	146	,	'	Aleea Chimiei 	'	,	17	,	'	Ploiesti	'	,	98	)	,
(	147	,	'	Aleea Petrochimiştilor 	'	,	2	,	'	Ploiesti	'	,	136	)	,
(	148	,	'	Aleea Petrochimiştilor 	'	,	28	,	'	Ploiesti	'	,	169	)	,
(	149	,	'	Aleea Petrochimiştilor 	'	,	13	,	'	Ploiesti	'	,	221	)	,
(	150	,	'	Strada Sabinelor 	'	,	13	,	'	Ploiesti	'	,	120	)	,
(	151	,	'	Strada Sabinelor 	'	,	39	,	'	Ploiesti	'	,	214	)	,
(	152	,	'	Strada Sabinelor 	'	,	17	,	'	Ploiesti	'	,	96	)	,
(	153	,	'	Strada Cornăţel 	'	,	21	,	'	Ploiesti	'	,	238	)	,
(	154	,	'	Aleea Chimiei 	'	,	7	,	'	Ploiesti	'	,	118	)	,
(	155	,	'	Strada Sabinelor 	'	,	15	,	'	Ploiesti	'	,	107	)	,
(	156	,	'	Strada Sabinelor 	'	,	22	,	'	Ploiesti	'	,	38	)	,
(	157	,	'	Strada Sabinelor 	'	,	5	,	'	Ploiesti	'	,	56	)	,
(	158	,	'	Aleea Petrochimiştilor 	'	,	20	,	'	Ploiesti	'	,	178	)	,
(	159	,	'	Aleea Petrochimiştilor	'	,	20	,	'	Ploiesti	'	,	178	)	,
(	160	,	'	Strada Sabinelor 	'	,	4	,	'	Ploiesti	'	,	179	)	,
(	161	,	'	Strada Sabinelor 	'	,	39	,	'	Ploiesti	'	,	55	)	,
(	162	,	'	Strada Sabinelor 	'	,	4	,	'	Ploiesti	'	,	74	)	,
(	163	,	'	Strada Sabinelor 	'	,	30	,	'	Ploiesti	'	,	31	)	,
(	164	,	'	Strada Sabinelor 	'	,	32	,	'	Ploiesti	'	,	235	)	,
(	165	,	'	Strada Sabinelor 	'	,	33	,	'	Ploiesti	'	,	10	)	,
(	166	,	'	Strada Sabinelor 	'	,	4	,	'	Ploiesti	'	,	13	)	,
(	167	,	'	Strada Sabinelor 	'	,	11	,	'	Ploiesti	'	,	238	)	,
(	168	,	'	Strada Sabinelor 	'	,	21	,	'	Ploiesti	'	,	31	)	,
(	169	,	'	Aleea Petrochimiştilor 	'	,	9	,	'	Ploiesti	'	,	176	)	,
(	170	,	'	Strada Crângaşi 	'	,	21	,	'	Ploiesti	'	,	23	)	,
(	171	,	'	Strada Mihai Bravu 	'	,	20	,	'	Ploiesti	'	,	22	)	,
(	172	,	'	Strada Mihai Bravu 	'	,	28	,	'	Ploiesti	'	,	87	)	,
(	173	,	'	Strada Mihai Bravu 	'	,	22	,	'	Ploiesti	'	,	148	)	,
(	174	,	'	Strada Mihai Bravu 	'	,	46	,	'	Ploiesti	'	,	225	)	,
(	175	,	'	Aleea Petrochimiştilor 	'	,	22	,	'	Ploiesti	'	,	152	)	,
(	176	,	'	Strada Mihai Bravu 	'	,	8	,	'	Ploiesti	'	,	17	)	,
(	177	,	'	Strada Mihai Bravu 	'	,	43	,	'	Ploiesti	'	,	83	)	,
(	178	,	'	Aleea Chimiei 	'	,	6	,	'	Ploiesti	'	,	119	)	,
(	179	,	'	Strada Mihai Bravu 	'	,	40	,	'	Ploiesti	'	,	18	)	,
(	180	,	'	Strada Mihai Bravu 	'	,	11	,	'	Ploiesti	'	,	149	)	,
(	181	,	'	Strada Mihai Bravu 	'	,	6	,	'	Ploiesti	'	,	4	)	,
(	182	,	'	Strada Mihai Bravu 	'	,	22	,	'	Ploiesti	'	,	138	)	,
(	183	,	'	Strada Mihai Bravu 	'	,	31	,	'	Ploiesti	'	,	68	)	,
(	184	,	'	Strada Mihai Bravu 	'	,	29	,	'	Ploiesti	'	,	106	)	,
(	185	,	'	Strada Mihai Bravu 	'	,	42	,	'	Ploiesti	'	,	226	);

--INSERT all data from table named “client”
DELETE FROM client;
--INSERT data into table named “client”
INSERT INTO client (client_id, nume, prenume, email) VALUES
(	1	,	'	Loga	'	,	'	Aneta	'	,	'	smeier@sbcglobal.net	'	)	,
(	2	,	'	Ianchiș	'	,	'	Ada	'	,	'	dexter@hotmail.com	'	)	,
(	3	,	'	Bandura	'	,	'	Anuța	'	,	'	presoff@gmail.com	'	)	,
(	4	,	'	Haralamb	'	,	'	Alis	'	,	'	pontipak@att.net	'	)	,
(	5	,	'	Cacoveanu 	'	,	'	Adriana	'	,	'	hoyer@optonline.net	'	)	,
(	6	,	'	Jeler	'	,	'	Andreea	'	,	'	pthomsen@live.com	'	)	,
(	7	,	'	Cârnaț 	'	,	'	Alexandra	'	,	'	kosact@sbcglobal.net	'	)	,
(	8	,	'	Bârz	'	,	'	Ana	'	,	'	andrewik@mac.com	'	)	,
(	9	,	'	Galben	'	,	'	Antonia	'	,	'	heidrich@outlook.com	'	)	,
(	10	,	'	Lapoș	'	,	'	Amalia	'	,	'	avalon@gmail.com	'	)	,
(	11	,	'	Dâncu	'	,	'	Anghelina	'	,	'	ryanshaw@gmail.com	'	)	,
(	12	,	'	Logan	'	,	'	Alberta	'	,	'	harryh@att.net	'	)	,
(	13	,	'	Făgețan	'	,	'	Anca	'	,	'	camenisch@me.com	'	)	,
(	14	,	'	Călugărița	'	,	'	Albertina	'	,	'	henkp@me.com	'	)	,
(	15	,	'	Făghiean	'	,	'	Andra	'	,	'	mrobshaw@hotmail.com	'	)	,
(	16	,	'	Bâc	'	,	'	Alma	'	,	'	bader@hotmail.com	'	)	,
(	17	,	'	Caragiale	'	,	'	Angelica	'	,	'	keijser@me.com	'	)	,
(	18	,	'	Eugenia	'	,	'	Anamaria	'	,	'	specprog@hotmail.com	'	)	,
(	19	,	'	Kiș	'	,	'	Agripina	'	,	'	dhwon@msn.com	'	)	,
(	20	,	'	Iancolovici	'	,	'	Adelina	'	,	'	rbarreira@mac.com	'	)	,
(	21	,	'	Castă	'	,	'	Alina	'	,	'	samavati@hotmail.com	'	)	,
(	22	,	'	Bacovia	'	,	'	Anda	'	,	'	scitext@msn.com	'	)	,
(	23	,	'	Ianculescu	'	,	'	Adnana	'	,	'	lukka@outlook.com	'	)	,
(	24	,	'	Jeleru	'	,	'	Alexandrina	'	,	'	stevelim@msn.com	'	)	,
(	25	,	'	Dâmbu	'	,	'	Arina	'	,	'	subir@msn.com	'	)	,
(	26	,	'	Călugăru 	'	,	'	Ariadna	'	,	'	arandal@aol.com	'	)	,
(	27	,	'	Călugăreanu	'	,	'	Anemona	'	,	'	loscar@mac.com	'	)	,
(	28	,	'	Jelescu	'	,	'	Agata	'	,	'	sonnen@outlook.com	'	)	,
(	29	,	'	Iancea	'	,	'	Anastasia	'	,	'	preneel@sbcglobal.net	'	)	,
(	30	,	'	Iancovescu	'	,	'	Anica	'	,	'	claypool@outlook.com	'	)	,
(	31	,	'	Iancoviciu	'	,	'	Antonela	'	,	'	kmiller@icloud.com	'	)	,
(	32	,	'	Baba	'	,	'	Aida	'	,	'	wmszeliga@verizon.net	'	)	,
(	33	,	'	Harabulă	'	,	'	Andrada	'	,	'	sakusha@gmail.com	'	)	,
(	34	,	'	Gafen	'	,	'	Alexia	'	,	'	nichoj@att.net	'	)	,
(	35	,	'	Haplea	'	,	'	Anaida	'	,	'	hyper@comcast.net	'	)	,
(	36	,	'	Login	'	,	'	Anișoara	'	,	'	steve@verizon.net	'	)	,
(	37	,	'	Dahore	'	,	'	Ancuța	'	,	'	shawnce@hotmail.com	'	)	,
(	38	,	'	Galbenu	'	,	'	Adina	'	,	'	alastair@yahoo.com	'	)	,
(	39	,	'	Iancău	'	,	'	Ariana	'	,	'	fglock@hotmail.com	'	)	,
(	40	,	'	Hagea	'	,	'	Antoaneta	'	,	'	mrdvt@outlook.com	'	)	,
(	41	,	'	Enea	'	,	'	Adelaida	'	,	'	ullman@optonline.net	'	)	,
(	42	,	'	Dragomir	'	,	'	Adela	'	,	'	mavilar@aol.com	'	)	,
(	43	,	'	Jeleri	'	,	'	Angela	'	,	'	anicolao@msn.com	'	)	,
(	44	,	'	Haralambi	'	,	'	Anabela	'	,	'	brbarret@comcast.net	'	)	,
(	45	,	'	Dâncă	'	,	'	Aglaia	'	,	'	skaufman@comcast.net	'	)	,
(	46	,	'	Îndoială	'	,	'	Amelia	'	,	'	sjmuir@gmail.com	'	)	,
(	47	,	'	Gafencu	'	,	'	Amanda	'	,	'	keiji@live.com	'	)	,
(	48	,	'	Galbenă	'	,	'	Alice	'	,	'	eidac@optonline.net	'	)	,
(	49	,	'	Logigan	'	,	'	Alida	'	,	'	vlefevre@me.com	'	)	,
(	50	,	'	Ceapă	'	,	'	Aristița	'	,	'	eurohack@att.net	'	)	,
(	51	,	'	Călțun	'	,	'	Ilaria	'	,	'	leslie@mac.com	'	)	,
(	52	,	'	Eustațiu	'	,	'	Gabriela	'	,	'	cliffski@comcast.net	'	)	,
(	53	,	'	Castron	'	,	'	Bogdana	'	,	'	godeke@live.com	'	)	,
(	54	,	'	Castravete	'	,	'	Florentina	'	,	'	mschwartz@yahoo.com	'	)	,
(	55	,	'	Făgaș	'	,	'	Carol	'	,	'	ralamosm@icloud.com	'	)	,
(	56	,	'	Dragolea	'	,	'	Glorița	'	,	'	mwitte@msn.com	'	)	,
(	57	,	'	Iancula	'	,	'	Caterina	'	,	'	harpes@mac.com	'	)	,
(	58	,	'	Dragomer	'	,	'	Betina	'	,	'	penna@outlook.com	'	)	,
(	59	,	'	Caragiani 	'	,	'	Emanuela	'	,	'	mbrown@verizon.net	'	)	,
(	60	,	'	Adamache	'	,	'	Ionelia	'	,	'	cumarana@msn.com	'	)	,
(	61	,	'	Dascălu	'	,	'	Coralia	'	,	'	kspiteri@comcast.net	'	)	,
(	62	,	'	Hapliuc	'	,	'	Ileana	'	,	'	rasca@verizon.net	'	)	,
(	63	,	'	Făgărășan	'	,	'	Dumitrana	'	,	'	animats@live.com	'	)	,
(	64	,	'	Bebe	'	,	'	Cerasela	'	,	'	konit@yahoo.com	'	)	,
(	65	,	'	Haragoș	'	,	'	Elena	'	,	'	pontipak@live.com	'	)	,
(	66	,	'	Cepoi 	'	,	'	Aura	'	,	'	ewaters@yahoo.com	'	)	,
(	67	,	'	Epurean	'	,	'	Clarisa	'	,	'	fraser@live.com	'	)	,
(	68	,	'	Hagheș	'	,	'	Dina	'	,	'	uncle@me.com	'	)	,
(	69	,	'	Gafar	'	,	'	Ica	'	,	'	reziac@verizon.net	'	)	,
(	70	,	'	Haraba	'	,	'	Georgeta	'	,	'	adillon@icloud.com	'	)	,
(	71	,	'	Călugăroiu	'	,	'	Clementina	'	,	'	sarahs@outlook.com	'	)	,
(	72	,	'	Dângă	'	,	'	Axenia	'	,	'	chrwin@yahoo.com	'	)	,
(	73	,	'	Bani	'	,	'	Gianina	'	,	'	dogdude@optonline.net	'	)	,
(	74	,	'	Loghian	'	,	'	Henrieta	'	,	'	sethbrown@outlook.com	'	)	,
(	75	,	'	Călugărici	'	,	'	Constanța	'	,	'	konit@live.com	'	)	,
(	76	,	'	Loghinaș	'	,	'	Cipriana	'	,	'	sethbrown@yahoo.ca	'	)	,
(	77	,	'	Făghian	'	,	'	Cătălina	'	,	'	amaranth@yahoo.com	'	)	,
(	78	,	'	Ianculovici	'	,	'	Heracleea	'	,	'	darin@gmail.com	'	)	,
(	79	,	'	Iancului	'	,	'	Frusina	'	,	'	scitext@yahoo.com	'	)	,
(	80	,	'	Adameșteanu	'	,	'	Georgia	'	,	'	iamcal@sbcglobal.net	'	)	,
(	81	,	'	Haghieac	'	,	'	Georgiana	'	,	'	iapetus@hotmail.com	'	)	,
(	82	,	'	Epure	'	,	'	Augustina	'	,	'	claesjac@hotmail.com	'	)	,
(	83	,	'	Dragoman	'	,	'	Floarea	'	,	'	frostman@mac.com	'	)	,
(	84	,	'	Făgărășanu	'	,	'	Elodia	'	,	'	twoflower@mac.com	'	)	,
(	85	,	'	Căciulă	'	,	'	Filofteia	'	,	'	yangyan@yahoo.com	'	)	,
(	86	,	'	Cena	'	,	'	Ionela	'	,	'	dieman@me.com	'	)	,
(	87	,	'	Deleanu	'	,	'	Cosmina	'	,	'	moonlapse@aol.com	'	)	,
(	88	,	'	Harabagiu	'	,	'	Estera	'	,	'	jsmith@mac.com	'	)	,
(	89	,	'	Gărgărițîă	'	,	'	Francesca	'	,	'	cliffordj@me.com	'	)	,
(	90	,	'	Daru	'	,	'	Evelina	'	,	'	skajan@icloud.com	'	)	,
(	91	,	'	Făgețel	'	,	'	Didina	'	,	'	caidaperl@icloud.com	'	)	,
(	92	,	'	Dascăl	'	,	'	Dariana	'	,	'	tromey@yahoo.com	'	)	,
(	93	,	'	Iancu	'	,	'	Grațiana	'	,	'	rgarton@comcast.net	'	)	,
(	94	,	'	Călugărițoiu	'	,	'	Floriana	'	,	'	nichoj@msn.com	'	)	,
(	95	,	'	Ianciof	'	,	'	Constantina	'	,	'	vlefevre@icloud.com	'	)	,
(	96	,	'	Elciu 	'	,	'	Gloria	'	,	'	valdez@live.com	'	)	,
(	97	,	'	Dragomirescu	'	,	'	Elvira	'	,	'	eegsa@msn.com	'	)	,
(	98	,	'	Bandulă	'	,	'	Emilia	'	,	'	dawnsong@me.com	'	)	,
(	99	,	'	Loghin	'	,	'	Iolanda	'	,	'	kronvold@mac.com	'	)	,
(	100	,	'	Făget	'	,	'	Casandra	'	,	'	satishr@yahoo.ca	'	)	,
(	101	,	'	Loghiu	'	,	'	Catrinel	'	,	'	sblack@mac.com	'	)	,
(	102	,	'	Banea	'	,	'	Domnica	'	,	'	aukjan@att.net	'	)	,
(	103	,	'	Aaron	'	,	'	Codrina	'	,	'	metzzo@sbcglobal.net	'	)	,
(	104	,	'	Daia	'	,	'	Cleopatra	'	,	'	flavell@optonline.net	'	)	,
(	105	,	'	Baboi	'	,	'	Dumbrăvița	'	,	'	biglou@msn.com	'	)	,
(	106	,	'	Jeleriu	'	,	'	Dana	'	,	'	lamky@outlook.com	'	)	,
(	107	,	'	Kirșner	'	,	'	Gherghina	'	,	'	kronvold@mac.com	'	)	,
(	108	,	'	Făgădău	'	,	'	Daria	'	,	'	crandall@gmail.com	'	)	,
(	109	,	'	Cântar	'	,	'	Claudia	'	,	'	konit@live.com	'	)	,
(	110	,	'	Gărgăriță	'	,	'	Astrid	'	,	'	overbom@mac.com	'	)	,
(	111	,	'	Bane	'	,	'	Dalia	'	,	'	lbecchi@verizon.net	'	)	,
(	112	,	'	Haragu	'	,	'	Filomela	'	,	'	frikazoyd@me.com	'	)	,
(	113	,	'	Ianca	'	,	'	Dorina	'	,	'	jaarnial@yahoo.ca	'	)	,
(	114	,	'	Ene	'	,	'	Aurelia	'	,	'	mbalazin@hotmail.com	'	)	,
(	115	,	'	Bechet	'	,	'	Flora	'	,	'	scarlet@icloud.com	'	)	,
(	116	,	'	Baneș	'	,	'	Clara	'	,	'	comdig@att.net	'	)	,
(	117	,	'	Logean	'	,	'	Despina	'	,	'	mwandel@yahoo.ca	'	)	,
(	118	,	'	Cenac 	'	,	'	Fabia	'	,	'	mastinfo@hotmail.com	'	)	,
(	119	,	'	Gărgăune	'	,	'	Eliza	'	,	'	xtang@att.net	'	)	,
(	120	,	'	Dahnovici	'	,	'	Flavia	'	,	'	cparis@live.com	'	)	,
(	121	,	'	Delea	'	,	'	Chira	'	,	'	xtang@live.com	'	)	,
(	122	,	'	Eugen	'	,	'	Corina	'	,	'	aglassis@me.com	'	)	,
(	123	,	'	Haralambie	'	,	'	Carmen	'	,	'	squirrel@att.net	'	)	,
(	124	,	'	Bârnă	'	,	'	Ilona	'	,	'	chinthaka@optonline.net	'	)	,
(	125	,	'	Călugărescu	'	,	'	Celia	'	,	'	jaxweb@optonline.net	'	)	,
(	126	,	'	Hara	'	,	'	Ioana	'	,	'	brbarret@live.com	'	)	,
(	127	,	'	Făgărășeanu	'	,	'	Eftimia	'	,	'	singer@msn.com	'	)	,
(	128	,	'	Epureanu	'	,	'	Gina	'	,	'	eegsa@hotmail.com	'	)	,
(	129	,	'	Gărgăun	'	,	'	Giorgiana	'	,	'	jaarnial@gmail.com	'	)	,
(	130	,	'	Făicuța	'	,	'	Atena	'	,	'	pierce@yahoo.ca	'	)	,
(	131	,	'	Cașu	'	,	'	Felicia	'	,	'	martink@optonline.net	'	)	,
(	132	,	'	Haghiac	'	,	'	Denisa	'	,	'	heroine@msn.com	'	)	,
(	133	,	'	Eusebiu	'	,	'	Daniela	'	,	'	miturria@verizon.net	'	)	,
(	134	,	'	Banciu	'	,	'	Dorli	'	,	'	karasik@yahoo.ca	'	)	,
(	135	,	'	Kirițescu	'	,	'	Carmina	'	,	'	wbarker@mac.com	'	)	,
(	136	,	'	Hagi	'	,	'	Catinca	'	,	'	dobey@yahoo.com	'	)	,
(	137	,	'	Gaea	'	,	'	Daciana	'	,	'	salesgeek@msn.com	'	)	,
(	138	,	'	Galbeni	'	,	'	Floare	'	,	'	sonnen@yahoo.com	'	)	,
(	139	,	'	Iancic	'	,	'	Eugenia	'	,	'	frode@optonline.net	'	)	,
(	140	,	'	Cadăr 	'	,	'	Dafina	'	,	'	isorashi@att.net	'	)	,
(	141	,	'	Babeș	'	,	'	Ecaterina	'	,	'	pizza@comcast.net	'	)	,
(	142	,	'	Făgăraș	'	,	'	Daiana	'	,	'	yamla@hotmail.com	'	)	,
(	143	,	'	Hagău	'	,	'	Geta	'	,	'	killmenow@icloud.com	'	)	,
(	144	,	'	Făgurel	'	,	'	Cezara	'	,	'	mxiao@aol.com	'	)	,
(	145	,	'	Acru	'	,	'	Gențiana	'	,	'	esbeck@aol.com	'	)	,
(	146	,	'	Dâncan	'	,	'	Demetra	'	,	'	gtaylor@me.com	'	)	,
(	147	,	'	Balegă	'	,	'	Delia	'	,	'	henkp@hotmail.com	'	)	,
(	148	,	'	Delean	'	,	'	Blanduzia	'	,	'	rnelson@yahoo.ca	'	)	,
(	149	,	'	Euparaș	'	,	'	Ina	'	,	'	claesjac@sbcglobal.net	'	)	,
(	150	,	'	Făină	'	,	'	Dumitra	'	,	'	scotfl@me.com	'	)	,
(	151	,	'	Veizan	'	,	'	Ioanina	'	,	'	pontipak@aol.com	'	)	,
(	152	,	'	Udișteanu	'	,	'	Camelia	'	,	'	michiel@mac.com	'	)	,
(	153	,	'	Macarof	'	,	'	Artemisa	'	,	'	pmint@live.com	'	)	,
(	154	,	'	Țipău	'	,	'	Crenguța	'	,	'	ismail@sbcglobal.net	'	)	,
(	155	,	'	Madan	'	,	'	Aurora	'	,	'	martink@yahoo.com	'	)	,
(	156	,	'	Vedere	'	,	'	Grațiela	'	,	'	knorr@outlook.com	'	)	,
(	157	,	'	Malciu	'	,	'	Iasmina	'	,	'	druschel@aol.com	'	)	,
(	158	,	'	Macarie	'	,	'	Dora	'	,	'	daveed@sbcglobal.net	'	)	,
(	159	,	'	Șaluparu	'	,	'	Casiana	'	,	'	nweaver@icloud.com	'	)	,
(	160	,	'	Zahari	'	,	'	Eufrosina	'	,	'	vganesh@gmail.com	'	)	,
(	161	,	'	Oală	'	,	'	Brândușa	'	,	'	flakeg@msn.com	'	)	,
(	162	,	'	Veizu	'	,	'	Florența	'	,	'	mhoffman@aol.com	'	)	,
(	163	,	'	Sabu	'	,	'	Florina	'	,	'	curly@yahoo.com	'	)	,
(	164	,	'	Malea	'	,	'	Dida	'	,	'	sblack@aol.com	'	)	,
(	165	,	'	Sachelarie	'	,	'	Aurica	'	,	'	fukuchi@sbcglobal.net	'	)	,
(	166	,	'	Lar	'	,	'	Carina	'	,	'	jrifkin@icloud.com	'	)	,
(	167	,	'	Negrea	'	,	'	Ilinca	'	,	'	dmbkiwi@icloud.com	'	)	,
(	168	,	'	Răceală	'	,	'	Catrina	'	,	'	kidehen@me.com	'	)	,
(	169	,	'	Veia	'	,	'	Eva	'	,	'	oneiros@sbcglobal.net	'	)	,
(	170	,	'	Udiștreanu	'	,	'	Cornelia	'	,	'	dpitts@comcast.net	'	)	,
(	171	,	'	Negreanu	'	,	'	Crina	'	,	'	scotfl@att.net	'	)	,
(	172	,	'	Larion	'	,	'	Dimitrina	'	,	'	thomasj@verizon.net	'	)	,
(	173	,	'	Udoi	'	,	'	Florica	'	,	'	bhima@yahoo.ca	'	)	,
(	174	,	'	Vedincaș	'	,	'	Beatrice	'	,	'	flakeg@mac.com	'	)	,
(	175	,	'	Oaidă	'	,	'	Cecilia	'	,	'	tsuruta@live.com	'	)	,
(	176	,	'	Nagâț	'	,	'	Fiona	'	,	'	schwaang@hotmail.com	'	)	,
(	177	,	'	Malcociu	'	,	'	Draga	'	,	'	corrada@gmail.com	'	)	,
(	178	,	'	Vega	'	,	'	Diana	'	,	'	heine@outlook.com	'	)	,
(	179	,	'	Udilă	'	,	'	Eusebia	'	,	'	garland@optonline.net	'	)	,
(	180	,	'	Udiștrian	'	,	'	Eliana	'	,	'	stakasa@icloud.com	'	)	,
(	181	,	'	Udiștrianu	'	,	'	Codruța	'	,	'	anicolao@outlook.com	'	)	,
(	182	,	'	Lapteș	'	,	'	Fabiana	'	,	'	ovprit@hotmail.com	'	)	,
(	183	,	'	Țion	'	,	'	Doina	'	,	'	jbarta@yahoo.com	'	)	,
(	184	,	'	Șalgău	'	,	'	Carla	'	,	'	osaru@comcast.net	'	)	,
(	185	,	'	Teodora	'	,	'	Hortensia	'	,	'	ivoibs@gmail.com	'	)	,
(	186	,	'	Zaharescu	'	,	'	Fausta	'	,	'	jpflip@verizon.net	'	)	,
(	187	,	'	Oancă	'	,	'	Elisaveta	'	,	'	dowdy@msn.com	'	)	,
(	188	,	'	Șamanțu	'	,	'	Erica	'	,	'	killmenow@verizon.net	'	)	,
(	189	,	'	Țipirig	'	,	'	Geanina	'	,	'	hling@mac.com	'	)	,
(	190	,	'	Tabugan	'	,	'	Carolina	'	,	'	imightb@comcast.net	'	)	,
(	191	,	'	Răcătău	'	,	'	Aureliana	'	,	'	kimvette@optonline.net	'	)	,
(	192	,	'	Pagu	'	,	'	Doriana	'	,	'	johnbob@comcast.net	'	)	,
(	193	,	'	Vedina	'	,	'	Evanghelina	'	,	'	tlinden@me.com	'	)	,
(	194	,	'	Țiperciuc	'	,	'	Eleonora	'	,	'	loscar@mac.com	'	)	,
(	195	,	'	Oaie	'	,	'	Augusta	'	,	'	mthurn@hotmail.com	'	)	,
(	196	,	'	Udrea	'	,	'	Consuela	'	,	'	intlprog@icloud.com	'	)	,
(	197	,	'	Șalin	'	,	'	Bianca	'	,	'	brainless@optonline.net	'	)	,
(	198	,	'	Șalvar	'	,	'	Cristina	'	,	'	cisugrad@yahoo.ca	'	)	,
(	199	,	'	Văcaru	'	,	'	Dochia	'	,	'	symbolic@mac.com	'	)	,
(	200	,	'	Malcea	'	,	'	Elisabeta	'	,	'	grady@mac.com	'	)	,
(	201	,	'	Malcocian	'	,	'	Robertina	'	,	'	rtanter@msn.com	'	)	,
(	202	,	'	Radovan	'	,	'	Patricia	'	,	'	gravyface@att.net	'	)	,
(	203	,	'	Negreș	'	,	'	Jana	'	,	'	maikelnai@gmail.com	'	)	,
(	204	,	'	Negrei	'	,	'	Olivia	'	,	'	alastair@mac.com	'	)	,
(	205	,	'	Sabo	'	,	'	Julieta	'	,	'	yzheng@sbcglobal.net	'	)	,
(	206	,	'	Paflea	'	,	'	Raluca	'	,	'	padme@sbcglobal.net	'	)	,
(	207	,	'	Udobă	'	,	'	Lavinia	'	,	'	gward@gmail.com	'	)	,
(	208	,	'	Page	'	,	'	Ivona	'	,	'	tbeck@optonline.net	'	)	,
(	209	,	'	Negrean	'	,	'	Miruna	'	,	'	dsowsy@comcast.net	'	)	,
(	210	,	'	Lapoviță	'	,	'	Ruxanda	'	,	'	houle@gmail.com	'	)	,
(	211	,	'	Padurenu	'	,	'	Luciana	'	,	'	dunstan@gmail.com	'	)	,
(	212	,	'	Teodorașcu	'	,	'	Rodica	'	,	'	jaffe@me.com	'	)	,
(	213	,	'	Radovicescu	'	,	'	Melisa	'	,	'	webinc@verizon.net	'	)	,
(	214	,	'	Lare	'	,	'	Lenuța	'	,	'	tbmaddux@att.net	'	)	,
(	215	,	'	Țipă	'	,	'	Milena	'	,	'	hauma@att.net	'	)	,
(	216	,	'	Naghi	'	,	'	Irma	'	,	'	arachne@verizon.net	'	)	,
(	217	,	'	Peli	'	,	'	Lili	'	,	'	ngedmond@me.com	'	)	,
(	218	,	'	Tace	'	,	'	Marta	'	,	'	barlow@yahoo.ca	'	)	,
(	219	,	'	Șalcău	'	,	'	Roberta	'	,	'	terjesa@yahoo.ca	'	)	,
(	220	,	'	Teodorel	'	,	'	Paulina	'	,	'	ovprit@live.com	'	)	,
(	221	,	'	Nadeș	'	,	'	Lioara	'	,	'	darin@gmail.com	'	)	,
(	222	,	'	Oana	'	,	'	Iustina	'	,	'	mfleming@yahoo.com	'	)	,
(	223	,	'	Macea	'	,	'	Pompilia	'	,	'	jbuchana@gmail.com	'	)	,
(	224	,	'	Vela	'	,	'	Reghina	'	,	'	marioph@verizon.net	'	)	,
(	225	,	'	Male	'	,	'	Lorena	'	,	'	credmond@msn.com	'	)	,
(	226	,	'	Văcăriuc	'	,	'	Lidia Lidia (nume)	'	,	'	jesse@verizon.net	'	)	,
(	227	,	'	Saca	'	,	'	Leontina	'	,	'	parasite@yahoo.com	'	)	,
(	228	,	'	Udovița	'	,	'	Renata	'	,	'	jonas@outlook.com	'	)	,
(	229	,	'	Udoviță	'	,	'	Paraschiva	'	,	'	plover@comcast.net	'	)	,
(	230	,	'	Lapte	'	,	'	Petria	'	,	'	osrin@yahoo.ca	'	)	,
(	231	,	'	Tache	'	,	'	Petrina	'	,	'	osrin@verizon.net	'	)	,
(	232	,	'	Pelgher	'	,	'	Iris	'	,	'	roesch@yahoo.ca	'	)	,
(	233	,	'	Pag	'	,	'	Ofelia	'	,	'	bartlett@mac.com	'	)	,
(	234	,	'	Radovici	'	,	'	Mirona	'	,	'	hutton@hotmail.com	'	)	,
(	235	,	'	Mada	'	,	'	Nora	'	,	'	rfoley@comcast.net	'	)	,
(	236	,	'	Malcocea	'	,	'	Rozalia	'	,	'	liedra@yahoo.ca	'	)	,
(	237	,	'	Padina	'	,	'	Ludovica	'	,	'	symbolic@hotmail.com	'	)	,
(	238	,	'	Teodorescu	'	,	'	Monica	'	,	'	wayward@me.com	'	)	,
(	239	,	'	Șerpar	'	,	'	Pamela	'	,	'	snunez@sbcglobal.net	'	)	,
(	240	,	'	Padoriș	'	,	'	Nicoleta	'	,	'	grolschie@msn.com	'	)	,
(	241	,	'	Sabuc	'	,	'	Marinela	'	,	'	amcuri@me.com	'	)	,
(	242	,	'	Padurarau	'	,	'	Margareta	'	,	'	codex@aol.com	'	)	,
(	243	,	'	Udma	'	,	'	Ramona	'	,	'	bulletin@yahoo.ca	'	)	,
(	244	,	'	Nadăș	'	,	'	Ortansa	'	,	'	jimxugle@verizon.net	'	)	,
(	245	,	'	Udiștrean	'	,	'	Luana	'	,	'	mosses@sbcglobal.net	'	)	,
(	246	,	'	Peleș	'	,	'	Rafila	'	,	'	simone@me.com	'	)	,
(	247	,	'	Pagubă	'	,	'	Miuța	'	,	'	report@verizon.net	'	)	,
(	248	,	'	Macariu	'	,	'	Mona	'	,	'	gastown@sbcglobal.net	'	)	,
(	249	,	'	Văcariu	'	,	'	Roza	'	,	'	slaff@verizon.net	'	)	,
(	250	,	'	Sabou	'	,	'	Laura	'	,	'	dleconte@optonline.net	'	)	,
(	251	,	'	Văcăroiu	'	,	'	Lelia	'	,	'	gregh@sbcglobal.net	'	)	,
(	252	,	'	Macavei	'	,	'	Matilda	'	,	'	hyper@yahoo.ca	'	)	,
(	253	,	'	Lapoși	'	,	'	Loredana	'	,	'	cparis@verizon.net	'	)	,
(	254	,	'	Oancăș	'	,	'	Livia	'	,	'	kingjoshi@yahoo.ca	'	)	,
(	255	,	'	Larie	'	,	'	Melina	'	,	'	mavilar@optonline.net	'	)	,
(	256	,	'	Vedinaș	'	,	'	Marcela	'	,	'	jdray@mac.com	'	)	,
(	257	,	'	Veghinaș	'	,	'	Petruța	'	,	'	jdray@optonline.net	'	)	,
(	258	,	'	Radovanu	'	,	'	Marga	'	,	'	drolsky@yahoo.ca	'	)	,
(	259	,	'	Malciolu	'	,	'	Liliana	'	,	'	satishr@aol.com	'	)	,
(	260	,	'	Șamotă	'	,	'	Iosefina	'	,	'	ideguy@aol.com	'	)	,
(	261	,	'	Macău	'	,	'	Mara	'	,	'	pthomsen@icloud.com	'	)	,
(	262	,	'	Țiparu	'	,	'	Norica	'	,	'	jrifkin@me.com	'	)	,
(	263	,	'	Țipilică	'	,	'	Mărioara	'	,	'	bigmauler@att.net	'	)	,
(	264	,	'	Pelican	'	,	'	Isabela	'	,	'	mosses@hotmail.com	'	)	,
(	265	,	'	Lari	'	,	'	Olga	'	,	'	kewley@comcast.net	'	)	,
(	266	,	'	Macaveiu	'	,	'	Ligia	'	,	'	neuffer@mac.com	'	)	,
(	267	,	'	Veja	'	,	'	Marieta	'	,	'	twoflower@me.com	'	)	,
(	268	,	'	Malcoci	'	,	'	Niculina	'	,	'	monkeydo@comcast.net	'	)	,
(	269	,	'	Tablă	'	,	'	Mirela	'	,	'	glenz@verizon.net	'	)	,
(	270	,	'	Oană	'	,	'	Octavia	'	,	'	amichalo@sbcglobal.net	'	)	,
(	271	,	'	Oance	'	,	'	Liana	'	,	'	frode@msn.com	'	)	,
(	272	,	'	Răcătean	'	,	'	Lucreția	'	,	'	sinkou@yahoo.com	'	)	,
(	273	,	'	Țiperu	'	,	'	Joița	'	,	'	hling@live.com	'	)	,
(	274	,	'	Macaria	'	,	'	Romanița	'	,	'	dimensio@comcast.net	'	)	,
(	275	,	'	Malcovici	'	,	'	Letiția	'	,	'	preneel@me.com	'	)	,
(	276	,	'	Teodoreanu	'	,	'	Roxana	'	,	'	airship@att.net	'	)	,
(	277	,	'	Radu	'	,	'	Mihaela	'	,	'	uqmcolyv@sbcglobal.net	'	)	,
(	278	,	'	Pelian	'	,	'	Profira	'	,	'	pereinar@live.com	'	)	,
(	279	,	'	Șerpe	'	,	'	Rada	'	,	'	marcs@mac.com	'	)	,
(	280	,	'	Samuel	'	,	'	Iridenta	'	,	'	aaribaud@live.com	'	)	,
(	281	,	'	Negrescu	'	,	'	Nina	'	,	'	juliano@verizon.net	'	)	,
(	282	,	'	Tacea	'	,	'	Maricica	'	,	'	janneh@me.com	'	)	,
(	283	,	'	Răceanu	'	,	'	Marcheta	'	,	'	tlinden@verizon.net	'	)	,
(	284	,	'	Macavencu	'	,	'	Măriuca	'	,	'	hahiss@outlook.com	'	)	,
(	285	,	'	Veghea	'	,	'	Julia	'	,	'	stinson@mac.com	'	)	,
(	286	,	'	Teodor	'	,	'	Lăcrămioara	'	,	'	shang@comcast.net	'	)	,
(	287	,	'	Șalău	'	,	'	Maia	'	,	'	facet@aol.com	'	)	,
(	288	,	'	Șalvari	'	,	'	Octaviana	'	,	'	dialworld@sbcglobal.net	'	)	,
(	289	,	'	Udiștenu	'	,	'	Naomi	'	,	'	flavell@live.com	'	)	,
(	290	,	'	Malaxa	'	,	'	Malvina	'	,	'	wagnerch@aol.com	'	)	,
(	291	,	'	Largu	'	,	'	Mia	'	,	'	danneng@yahoo.ca	'	)	,
(	292	,	'	Radoveanu	'	,	'	Manuela	'	,	'	jandrese@optonline.net	'	)	,
(	293	,	'	Tabor	'	,	'	Petronela	'	,	'	ajlitt@outlook.com	'	)	,
(	294	,	'	Sachin	'	,	'	Lia	'	,	'	attwood@outlook.com	'	)	,
(	295	,	'	Lapteacru	'	,	'	Paulica	'	,	'	floxy@outlook.com	'	)	,
(	296	,	'	Oajdea	'	,	'	Mariana	'	,	'	lstein@mac.com	'	)	,
(	297	,	'	Macarin	'	,	'	Maria	'	,	'	sisyphus@optonline.net	'	)	,
(	298	,	'	Oancea	'	,	'	Izaura	'	,	'	brainless@me.com	'	)	,
(	299	,	'	Răcean	'	,	'	Romina	'	,	'	cisugrad@comcast.net	'	)	,
(	300	,	'	Samuil	'	,	'	Melinda	'	,	'	ivoibs@gmail.com	'	)	,
(	301	,	'	Zamfirache	'	,	'	Roxelana	'	,	'	quinn@mac.com	'	)	,
(	302	,	'	Zamfir	'	,	'	Janina	'	,	'	ilyaz@comcast.net	'	)	,
(	303	,	'	Zambilă	'	,	'	Ionuța	'	,	'	scitext@att.net	'	)	,
(	304	,	'	Zamfirescu	'	,	'	Luiza	'	,	'	richard@mac.com	'	)	,
(	305	,	'	Zamfira	'	,	'	Iuliana	'	,	'	nighthawk@hotmail.com	'	)	,
(	306	,	'	Zaharia	'	,	'	Rebeca	'	,	'	evans@aol.com	'	)	,
(	307	,	'	Zamfiescu	'	,	'	Rita	'	,	'	cantu@sbcglobal.net	'	)	,
(	308	,	'	Zamferoiu	'	,	'	Mădălina	'	,	'	vertigo@optonline.net	'	)	,
(	309	,	'	Zamficu	'	,	'	Laurenția	'	,	'	jmorris@icloud.com	'	)	,
(	310	,	'	Loga	'	,	'	Nadia	'	,	'	frostman@icloud.com	'	)	,
(	311	,	'	Ianchiș	'	,	'	Janeta	'	,	'	yxing@icloud.com	'	)	,
(	312	,	'	Bandura	'	,	'	Olimpia	'	,	'	jfinke@comcast.net	'	)	,
(	313	,	'	Haralamb	'	,	'	Ozana	'	,	'	hager@yahoo.com	'	)	,
(	314	,	'	Cacoveanu 	'	,	'	Marina	'	,	'	chronos@att.net	'	)	,
(	315	,	'	Jeler	'	,	'	Iulia	'	,	'	nelson@hotmail.com	'	)	,
(	316	,	'	Cârnaț 	'	,	'	Jasmina	'	,	'	bryam@me.com	'	)	,
(	317	,	'	Bârz	'	,	'	Romana	'	,	'	jgmyers@icloud.com	'	)	,
(	318	,	'	Galben	'	,	'	Leana	'	,	'	kawasaki@att.net	'	)	,
(	319	,	'	Lapoș	'	,	'	Natalia	'	,	'	floxy@yahoo.com	'	)	,
(	320	,	'	Dâncu	'	,	'	Ludmila	'	,	'	balchen@mac.com	'	)	,
(	321	,	'	Logan	'	,	'	Luminița	'	,	'	fmerges@mac.com	'	)	,
(	322	,	'	Făgețan	'	,	'	Marioara	'	,	'	jyoliver@me.com	'	)	,
(	323	,	'	Călugărița	'	,	'	Otilia	'	,	'	seurat@sbcglobal.net	'	)	,
(	324	,	'	Făghiean	'	,	'	Ivana	'	,	'	ninenine@me.com	'	)	,
(	325	,	'	Bâc	'	,	'	Leopoldina	'	,	'	hachi@att.net	'	)	,
(	326	,	'	Caragiale	'	,	'	Oana	'	,	'	akoblin@hotmail.com	'	)	,
(	327	,	'	Eugenia	'	,	'	Melania	'	,	'	portele@att.net	'	)	,
(	328	,	'	Kiș	'	,	'	Marilena	'	,	'	pemungkah@aol.com	'	)	,
(	329	,	'	Iancolovici	'	,	'	Narcisa	'	,	'	stomv@aol.com	'	)	,
(	330	,	'	Castă	'	,	'	Mioara	'	,	'	reziac@yahoo.com	'	)	,
(	331	,	'	Bacovia	'	,	'	Lorelei	'	,	'	garyjb@live.com	'	)	,
(	332	,	'	Ianculescu	'	,	'	Nidia	'	,	'	barlow@aol.com	'	)	,
(	333	,	'	Jeleru	'	,	'	Marusia	'	,	'	fudrucker@att.net	'	)	,
(	334	,	'	Dâmbu	'	,	'	Jeana	'	,	'	redingtn@mac.com	'	)	,
(	335	,	'	Călugăru 	'	,	'	Rica	'	,	'	bcevc@outlook.com	'	)	,
(	336	,	'	Călugăreanu	'	,	'	Noemi	'	,	'	fraterk@gmail.com	'	)	,
(	337	,	'	Jelescu	'	,	'	Miranda	'	,	'	bebing@aol.com	'	)	,
(	338	,	'	Iancea	'	,	'	Monalisa	'	,	'	warrior@optonline.net	'	)	,
(	339	,	'	Iancovescu	'	,	'	Paula	'	,	'	jcholewa@msn.com	'	)	,
(	340	,	'	Iancoviciu	'	,	'	Larisa	'	,	'	ajlitt@yahoo.com	'	)	,
(	341	,	'	Baba	'	,	'	Isaura	'	,	'	eminence@icloud.com	'	)	,
(	342	,	'	Harabulă	'	,	'	Mălina	'	,	'	horrocks@verizon.net	'	)	,
(	343	,	'	Gafen	'	,	'	Natașa	'	,	'	ateniese@mac.com	'	)	,
(	344	,	'	Haplea	'	,	'	Minodora	'	,	'	offthelip@comcast.net	'	)	,
(	345	,	'	Login	'	,	'	Irina	'	,	'	fairbank@att.net	'	)	,
(	346	,	'	Dahore	'	,	'	Lucia	'	,	'	chaikin@icloud.com	'	)	,
(	347	,	'	Galbenu	'	,	'	Izabela	'	,	'	violinhi@aol.com	'	)	,
(	348	,	'	Iancău	'	,	'	Magdalena	'	,	'	jdhedden@hotmail.com	'	)	,
(	349	,	'	Hagea	'	,	'	Martina	'	,	'	mrobshaw@mac.com	'	)	,
(	350	,	'	Enea	'	,	'	Mirabela	'	,	'	lukka@icloud.com	'	)	,
(	351	,	'	Dragomir	'	,	'	Casian	'	,	'	psichel@live.com	'	)	,
(	352	,	'	Jeleri	'	,	'	Aurel	'	,	'	shazow@comcast.net	'	)	,
(	353	,	'	Haralambi	'	,	'	Serafina	'	,	'	chronos@hotmail.com	'	)	,
(	354	,	'	Dâncă	'	,	'	Arcadian	'	,	'	overbom@gmail.com	'	)	,
(	355	,	'	Îndoială	'	,	'	Simona	'	,	'	jramio@outlook.com	'	)	,
(	356	,	'	Gafencu	'	,	'	Bernard	'	,	'	juerd@verizon.net	'	)	,
(	357	,	'	Galbenă	'	,	'	Sofica	'	,	'	andersbr@att.net	'	)	,
(	358	,	'	Logigan	'	,	'	Selina	'	,	'	skythe@comcast.net	'	)	,
(	359	,	'	Ceapă	'	,	'	Adi	'	,	'	leakin@icloud.com	'	)	,
(	360	,	'	Călțun	'	,	'	Codin	'	,	'	parents@icloud.com	'	)	,
(	361	,	'	Eustațiu	'	,	'	Teodosia	'	,	'	neuffer@att.net	'	)	,
(	362	,	'	Castron	'	,	'	Cazimir	'	,	'	reeds@outlook.com	'	)	,
(	363	,	'	Castravete	'	,	'	Zaraza	'	,	'	jemarch@yahoo.ca	'	)	,
(	364	,	'	Făgaș	'	,	'	Stela	'	,	'	kildjean@outlook.com	'	)	,
(	365	,	'	Dragolea	'	,	'	Zenovia	'	,	'	atmarks@aol.com	'	)	,
(	366	,	'	Iancula	'	,	'	Salomea	'	,	'	overbom@comcast.net	'	)	,
(	367	,	'	Dragomer	'	,	'	Svetlana	'	,	'	rande@sbcglobal.net	'	)	,
(	368	,	'	Caragiani 	'	,	'	Victoria	'	,	'	mgreen@yahoo.com	'	)	,
(	369	,	'	Adamache	'	,	'	Carol	'	,	'	kayvonf@msn.com	'	)	,
(	370	,	'	Dascălu	'	,	'	Avram	'	,	'	mcmillan@gmail.com	'	)	,
(	371	,	'	Hapliuc	'	,	'	Ștefana	'	,	'	froodian@yahoo.com	'	)	,
(	372	,	'	Făgărășan	'	,	'	Săndica	'	,	'	konst@optonline.net	'	)	,
(	373	,	'	Bebe	'	,	'	Bănel	'	,	'	evilopie@aol.com	'	)	,
(	374	,	'	Haragoș	'	,	'	Bucur	'	,	'	harryh@me.com	'	)	,
(	375	,	'	Cepoi 	'	,	'	Tatiana	'	,	'	josem@icloud.com	'	)	,
(	376	,	'	Epurean	'	,	'	Susana	'	,	'	crobles@me.com	'	)	,
(	377	,	'	Hagheș	'	,	'	Speranța	'	,	'	amcuri@verizon.net	'	)	,
(	378	,	'	Gafar	'	,	'	Caius	'	,	'	credmond@hotmail.com	'	)	,
(	379	,	'	Haraba	'	,	'	Augustin	'	,	'	pontipak@yahoo.com	'	)	,
(	380	,	'	Călugăroiu	'	,	'	Axinte	'	,	'	kostas@att.net	'	)	,
(	381	,	'	Dângă	'	,	'	Barbu	'	,	'	aprakash@live.com	'	)	,
(	382	,	'	Bani	'	,	'	Safta	'	,	'	martyloo@aol.com	'	)	,
(	383	,	'	Loghian	'	,	'	Anton	'	,	'	kaiser@att.net	'	)	,
(	384	,	'	Călugărici	'	,	'	Adam	'	,	'	jhardin@live.com	'	)	,
(	385	,	'	Loghinaș	'	,	'	Andrei	'	,	'	phish@aol.com	'	)	,
(	386	,	'	Făghian	'	,	'	Claudiu	'	,	'	krueger@yahoo.ca	'	)	,
(	387	,	'	Ianculovici	'	,	'	Tereza	'	,	'	mnemonic@me.com	'	)	,
(	388	,	'	Iancului	'	,	'	Agnos	'	,	'	panolex@yahoo.com	'	)	,
(	389	,	'	Adameșteanu	'	,	'	Atanasio	'	,	'	gavollink@gmail.com	'	)	,
(	390	,	'	Haghieac	'	,	'	Alin	'	,	'	bachmann@yahoo.com	'	)	,
(	391	,	'	Epure	'	,	'	Veta	'	,	'	isotopian@icloud.com	'	)	,
(	392	,	'	Dragoman	'	,	'	Vanesa	'	,	'	brbarret@gmail.com	'	)	,
(	393	,	'	Făgărășanu	'	,	'	Bogdan	'	,	'	martyloo@gmail.com	'	)	,
(	394	,	'	Căciulă	'	,	'	Arian	'	,	'	tubajon@aol.com	'	)	,
(	395	,	'	Cena	'	,	'	Teea	'	,	'	ideguy@att.net	'	)	,
(	396	,	'	Deleanu	'	,	'	Benone	'	,	'	gavollink@optonline.net	'	)	,
(	397	,	'	Harabagiu	'	,	'	Adelin	'	,	'	dcoppit@hotmail.com	'	)	,
(	398	,	'	Gărgărițîă	'	,	'	Adonis	'	,	'	emmanuel@msn.com	'	)	,
(	399	,	'	Daru	'	,	'	Ciprian	'	,	'	presoff@outlook.com	'	)	,
(	400	,	'	Făgețel	'	,	'	Sodica	'	,	'	mcraigw@verizon.net	'	)	,
(	401	,	'	Dascăl	'	,	'	Sorina	'	,	'	smcnabb@hotmail.com	'	)	,
(	402	,	'	Iancu	'	,	'	Viorica	'	,	'	lamky@aol.com	'	)	,
(	403	,	'	Călugărițoiu	'	,	'	Tamara	'	,	'	syrinx@icloud.com	'	)	,
(	404	,	'	Ianciof	'	,	'	Ștefania	'	,	'	anicolao@live.com	'	)	,
(	405	,	'	Elciu 	'	,	'	Zaharia	'	,	'	daveewart@hotmail.com	'	)	,
(	406	,	'	Dragomirescu	'	,	'	Tudosia	'	,	'	bjoern@mac.com	'	)	,
(	407	,	'	Bandulă	'	,	'	Basarab	'	,	'	webinc@aol.com	'	)	,
(	408	,	'	Loghin	'	,	'	Valeria	'	,	'	jesse@sbcglobal.net	'	)	,
(	409	,	'	Făget	'	,	'	Ș	'	,	'	rogerspl@me.com	'	)	,
(	410	,	'	Loghiu	'	,	'	Sabina	'	,	'	rgarton@me.com	'	)	,
(	411	,	'	Banea	'	,	'	Tudorița	'	,	'	philen@outlook.com	'	)	,
(	412	,	'	Aaron	'	,	'	Andrian	'	,	'	gmcgath@aol.com	'	)	,
(	413	,	'	Daia	'	,	'	Vlădelina	'	,	'	tmaek@att.net	'	)	,
(	414	,	'	Baboi	'	,	'	Sanda	'	,	'	ducasse@comcast.net	'	)	,
(	415	,	'	Jeleriu	'	,	'	Antonie	'	,	'	cderoove@optonline.net	'	)	,
(	416	,	'	Kirșner	'	,	'	Suzana	'	,	'	milton@live.com	'	)	,
(	417	,	'	Făgădău	'	,	'	Venera	'	,	'	gavollink@hotmail.com	'	)	,
(	418	,	'	Cântar	'	,	'	Alistar	'	,	'	chance@yahoo.com	'	)	,
(	419	,	'	Gărgăriță	'	,	'	Achim	'	,	'	cumarana@gmail.com	'	)	,
(	420	,	'	Bane	'	,	'	Anghel	'	,	'	denton@verizon.net	'	)	,
(	421	,	'	Haragu	'	,	'	Steluța	'	,	'	bjoern@sbcglobal.net	'	)	,
(	422	,	'	Ianca	'	,	'	Teona	'	,	'	corrada@optonline.net	'	)	,
(	423	,	'	Ene	'	,	'	Silviana	'	,	'	mjewell@gmail.com	'	)	,
(	424	,	'	Bechet	'	,	'	Cătălin	'	,	'	cumarana@hotmail.com	'	)	,
(	425	,	'	Baneș	'	,	'	Stanca	'	,	'	hoyer@hotmail.com	'	)	,
(	426	,	'	Logean	'	,	'	Cedrin	'	,	'	knorr@comcast.net	'	)	,
(	427	,	'	Cenac 	'	,	'	Zenobia	'	,	'	rogerspl@hotmail.com	'	)	,
(	428	,	'	Gărgăune	'	,	'	Bebe	'	,	'	seebs@mac.com	'	)	,
(	429	,	'	Dahnovici	'	,	'	Beniamin	'	,	'	pkplex@me.com	'	)	,
(	430	,	'	Delea	'	,	'	Sabrina	'	,	'	josephw@icloud.com	'	)	,
(	431	,	'	Eugen	'	,	'	Amza	'	,	'	jgwang@live.com	'	)	,
(	432	,	'	Haralambie	'	,	'	Vasilichia	'	,	'	wikinerd@att.net	'	)	,
(	433	,	'	Bârnă	'	,	'	Valentina	'	,	'	rcwil@icloud.com	'	)	,
(	434	,	'	Călugărescu	'	,	'	Voichița	'	,	'	mobileip@msn.com	'	)	,
(	435	,	'	Hara	'	,	'	Simina	'	,	'	seemant@verizon.net	'	)	,
(	436	,	'	Făgărășeanu	'	,	'	Sonia	'	,	'	jonas@outlook.com	'	)	,
(	437	,	'	Epureanu	'	,	'	Tincuța	'	,	'	wainwrig@verizon.net	'	)	,
(	438	,	'	Gărgăun	'	,	'	Antim	'	,	'	mccurley@aol.com	'	)	,
(	439	,	'	Făicuța	'	,	'	Aleodor	'	,	'	jpflip@icloud.com	'	)	,
(	440	,	'	Cașu	'	,	'	Tudora	'	,	'	tangsh@hotmail.com	'	)	,
(	441	,	'	Haghiac	'	,	'	Zenaida	'	,	'	timtroyr@icloud.com	'	)	,
(	442	,	'	Eusebiu	'	,	'	Tudorica	'	,	'	mcmillan@sbcglobal.net	'	)	,
(	443	,	'	Banciu	'	,	'	Bartolomeu	'	,	'	feamster@hotmail.com	'	)	,
(	444	,	'	Kirițescu	'	,	'	Steliana	'	,	'	duncand@hotmail.com	'	)	,
(	445	,	'	Hagi	'	,	'	Aurică	'	,	'	mrsam@gmail.com	'	)	,
(	446	,	'	Gaea	'	,	'	Vasilica	'	,	'	roesch@msn.com	'	)	,
(	447	,	'	Galbeni	'	,	'	Varvara	'	,	'	jrifkin@me.com	'	)	,
(	448	,	'	Iancic	'	,	'	Smeralda	'	,	'	hampton@yahoo.com	'	)	,
(	449	,	'	Cadăr 	'	,	'	Cecil	'	,	'	sopwith@gmail.com	'	)	,
(	450	,	'	Babeș	'	,	'	Zamfira	'	,	'	pmint@gmail.com	'	)	,
(	451	,	'	Făgăraș	'	,	'	Cezar	'	,	'	moonlapse@gmail.com	'	)	,
(	452	,	'	Hagău	'	,	'	Sidonia	'	,	'	ingolfke@att.net	'	)	,
(	453	,	'	Făgurel	'	,	'	Ruxandra	'	,	'	nichoj@me.com	'	)	,
(	454	,	'	Acru	'	,	'	Tiberia	'	,	'	oechslin@me.com	'	)	,
(	455	,	'	Dâncan	'	,	'	Savina	'	,	'	aaribaud@hotmail.com	'	)	,
(	456	,	'	Balegă	'	,	'	Brăduț	'	,	'	kaiser@verizon.net	'	)	,
(	457	,	'	Delean	'	,	'	Cantemir	'	,	'	wortmanj@yahoo.com	'	)	,
(	458	,	'	Euparaș	'	,	'	Virginia	'	,	'	tristan@optonline.net	'	)	,
(	459	,	'	Făină	'	,	'	Sofia	'	,	'	maikelnai@live.com	'	)	,
(	460	,	'	Veizan	'	,	'	Albert	'	,	'	bryam@yahoo.ca	'	)	,
(	461	,	'	Udișteanu	'	,	'	Severina	'	,	'	csilvers@mac.com	'	)	,
(	462	,	'	Macarof	'	,	'	Antoniu	'	,	'	hmbrand@mac.com	'	)	,
(	463	,	'	Țipău	'	,	'	Arsenie	'	,	'	brickbat@yahoo.com	'	)	,
(	464	,	'	Madan	'	,	'	Veronica	'	,	'	webinc@comcast.net	'	)	,
(	465	,	'	Vedere	'	,	'	Saveta	'	,	'	yxing@sbcglobal.net	'	)	,
(	466	,	'	Malciu	'	,	'	Silvana	'	,	'	mglee@me.com	'	)	,
(	467	,	'	Macarie	'	,	'	Călin	'	,	'	ajohnson@comcast.net	'	)	,
(	468	,	'	Șaluparu	'	,	'	Sorana	'	,	'	pplinux@verizon.net	'	)	,
(	469	,	'	Zahari	'	,	'	Alexandru	'	,	'	dsowsy@optonline.net	'	)	,
(	470	,	'	Oală	'	,	'	Teresa	'	,	'	dartlife@aol.com	'	)	,
(	471	,	'	Veizu	'	,	'	Timea	'	,	'	fmtbebuck@gmail.com	'	)	,
(	472	,	'	Sabu	'	,	'	Vicenția	'	,	'	qmacro@msn.com	'	)	,
(	473	,	'	Malea	'	,	'	Aristide	'	,	'	bdbrown@yahoo.ca	'	)	,
(	474	,	'	Sachelarie	'	,	'	Sânziana	'	,	'	bartlett@optonline.net	'	)	,
(	475	,	'	Lar	'	,	'	Stana	'	,	'	gospodin@att.net	'	)	,
(	476	,	'	Negrea	'	,	'	Angel	'	,	'	bdthomas@live.com	'	)	,
(	477	,	'	Răceală	'	,	'	Xenia	'	,	'	rhialto@me.com	'	)	,
(	478	,	'	Veia	'	,	'	Vera	'	,	'	harpes@outlook.com	'	)	,
(	479	,	'	Udiștreanu	'	,	'	Alex	'	,	'	kwilliams@optonline.net	'	)	,
(	480	,	'	Negreanu	'	,	'	Zita	'	,	'	druschel@sbcglobal.net	'	)	,
(	481	,	'	Larion	'	,	'	Tania	'	,	'	stomv@att.net	'	)	,
(	482	,	'	Udoi	'	,	'	Amedeu	'	,	'	techie@mac.com	'	)	,
(	483	,	'	Vedincaș	'	,	'	Viorela	'	,	'	lydia@msn.com	'	)	,
(	484	,	'	Oaidă	'	,	'	Silvia	'	,	'	webdragon@icloud.com	'	)	,
(	485	,	'	Nagâț	'	,	'	Camil	'	,	'	iapetus@aol.com	'	)	,
(	486	,	'	Malcociu	'	,	'	Anatolie	'	,	'	michiel@yahoo.com	'	)	,
(	487	,	'	Vega	'	,	'	Abel	'	,	'	frosal@yahoo.com	'	)	,
(	488	,	'	Udilă	'	,	'	Adrian	'	,	'	gavinls@me.com	'	)	,
(	489	,	'	Udiștrian	'	,	'	Aurelian	'	,	'	jacks@yahoo.ca	'	)	,
(	490	,	'	Udiștrianu	'	,	'	Smaranda	'	,	'	stomv@yahoo.ca	'	)	,
(	491	,	'	Lapteș	'	,	'	Sandra	'	,	'	sakusha@hotmail.com	'	)	,
(	492	,	'	Țion	'	,	'	Viviana	'	,	'	kosact@yahoo.ca	'	)	,
(	493	,	'	Șalgău	'	,	'	Alexe	'	,	'	keiji@yahoo.com	'	)	,
(	494	,	'	Teodora	'	,	'	Zina	'	,	'	geoffr@aol.com	'	)	,
(	495	,	'	Zaharescu	'	,	'	Safina	'	,	'	peoplesr@aol.com	'	)	,
(	496	,	'	Oancă	'	,	'	Teodora	'	,	'	barnett@sbcglobal.net	'	)	,
(	497	,	'	Șamanțu	'	,	'	Semenica	'	,	'	hikoza@comcast.net	'	)	,
(	498	,	'	Țipirig	'	,	'	Tinca	'	,	'	sthomas@yahoo.com	'	)	,
(	499	,	'	Tabugan	'	,	'	Violeta	'	,	'	garyjb@mac.com	'	)	,
(	500	,	'	Răcătău	'	,	'	Zoe	'	,	'	lukka@att.net	'	)	,
(	501	,	'	Pagu	'	,	'	Marcu	'	,	'	miturria@yahoo.com	'	)	,
(	502	,	'	Vedina	'	,	'	Ladislau	'	,	'	pappp@hotmail.com	'	)	,
(	503	,	'	Țiperciuc	'	,	'	Cristobal	'	,	'	zavadsky@att.net	'	)	,
(	504	,	'	Oaie	'	,	'	Iustin	'	,	'	world@comcast.net	'	)	,
(	505	,	'	Udrea	'	,	'	David	'	,	'	johnh@comcast.net	'	)	,
(	506	,	'	Șalin	'	,	'	Lorin	'	,	'	william@aol.com	'	)	,
(	507	,	'	Șalvar	'	,	'	Dionisie	'	,	'	jbuchana@outlook.com	'	)	,
(	508	,	'	Văcaru	'	,	'	Cristea	'	,	'	mgemmons@att.net	'	)	,
(	509	,	'	Malcea	'	,	'	Ianis	'	,	'	denism@me.com	'	)	,
(	510	,	'	Malcocian	'	,	'	Mădălin	'	,	'	sequin@gmail.com	'	)	,
(	511	,	'	Radovan	'	,	'	Eric	'	,	'	janusfury@icloud.com	'	)	,
(	512	,	'	Negreș	'	,	'	Marian	'	,	'	sburke@msn.com	'	)	,
(	513	,	'	Negrei	'	,	'	Gruia	'	,	'	nimaclea@sbcglobal.net	'	)	,
(	514	,	'	Sabo	'	,	'	Dragomir	'	,	'	firstpr@optonline.net	'	)	,
(	515	,	'	Paflea	'	,	'	Haralambie	'	,	'	mmccool@me.com	'	)	,
(	516	,	'	Udobă	'	,	'	Corvin	'	,	'	sassen@live.com	'	)	,
(	517	,	'	Page	'	,	'	Edmond	'	,	'	mschilli@me.com	'	)	,
(	518	,	'	Negrean	'	,	'	Gheorghe	'	,	'	ubergeeb@icloud.com	'	)	,
(	519	,	'	Lapoviță	'	,	'	Marcel	'	,	'	mgemmons@yahoo.com	'	)	,
(	520	,	'	Padurenu	'	,	'	Laurian	'	,	'	frostman@gmail.com	'	)	,
(	521	,	'	Teodorașcu	'	,	'	Eftimie	'	,	'	overbom@yahoo.com	'	)	,
(	522	,	'	Radovicescu	'	,	'	Costin	'	,	'	jesse@verizon.net	'	)	,
(	523	,	'	Lare	'	,	'	Leontin	'	,	'	jandrese@me.com	'	)	,
(	524	,	'	Țipă	'	,	'	Lucian	'	,	'	tedrlord@outlook.com	'	)	,
(	525	,	'	Naghi	'	,	'	Emil	'	,	'	nichoj@att.net	'	)	,
(	526	,	'	Peli	'	,	'	Dumitru	'	,	'	debest@msn.com	'	)	,
(	527	,	'	Tace	'	,	'	Dorin	'	,	'	kjohnson@hotmail.com	'	)	,
(	528	,	'	Șalcău	'	,	'	Lucrețiu	'	,	'	webteam@sbcglobal.net	'	)	,
(	529	,	'	Teodorel	'	,	'	Jenel	'	,	'	calin@aol.com	'	)	,
(	530	,	'	Nadeș	'	,	'	Lazăr	'	,	'	arachne@msn.com	'	)	,
(	531	,	'	Oana	'	,	'	Leonard	'	,	'	smcnabb@sbcglobal.net	'	)	,
(	532	,	'	Macea	'	,	'	Corneliu	'	,	'	iapetus@mac.com	'	)	,
(	533	,	'	Vela	'	,	'	Iulian	'	,	'	russotto@outlook.com	'	)	,
(	534	,	'	Male	'	,	'	Iacov	'	,	'	djpig@sbcglobal.net	'	)	,
(	535	,	'	Văcăriuc	'	,	'	Ionuț	'	,	'	vmalik@hotmail.com	'	)	,
(	536	,	'	Saca	'	,	'	Maximilian	'	,	'	hahsler@yahoo.ca	'	)	,
(	537	,	'	Udovița	'	,	'	Eusebiu	'	,	'	lamprecht@att.net	'	)	,
(	538	,	'	Udoviță	'	,	'	@	'	,	'	timtroyr@mac.com	'	)	,
(	539	,	'	Lapte	'	,	'	Jean	'	,	'	hedwig@yahoo.ca	'	)	,
(	540	,	'	Tache	'	,	'	Ioan	'	,	'	amimojo@sbcglobal.net	'	)	,
(	541	,	'	Pelgher	'	,	'	Georgian	'	,	'	claypool@aol.com	'	)	,
(	542	,	'	Pag	'	,	'	Florin	'	,	'	airship@icloud.com	'	)	,
(	543	,	'	Radovici	'	,	'	Luca	'	,	'	nacho@live.com	'	)	,
(	544	,	'	Mada	'	,	'	Iustinian	'	,	'	shaffei@hotmail.com	'	)	,
(	545	,	'	Malcocea	'	,	'	Emilian	'	,	'	mrdvt@aol.com	'	)	,
(	546	,	'	Padina	'	,	'	Liviu	'	,	'	skaufman@att.net	'	)	,
(	547	,	'	Teodorescu	'	,	'	Iancu	'	,	'	nimaclea@live.com	'	)	,
(	548	,	'	Șerpar	'	,	'	Ieremia	'	,	'	thassine@live.com	'	)	,
(	549	,	'	Padoriș	'	,	'	Maxim	'	,	'	lpalmer@msn.com	'	)	,
(	550	,	'	Sabuc	'	,	'	Denis	'	,	'	phizntrg@att.net	'	)	,
(	551	,	'	Padurarau	'	,	'	Dorian	'	,	'	mkearl@hotmail.com	'	)	,
(	552	,	'	Udma	'	,	'	Ghiță	'	,	'	kannan@live.com	'	)	,
(	553	,	'	Nadăș	'	,	'	Emanuel	'	,	'	grossman@msn.com	'	)	,
(	554	,	'	Udiștrean	'	,	'	Emanoil	'	,	'	hutton@icloud.com	'	)	,
(	555	,	'	Peleș	'	,	'	Grigoraș	'	,	'	burniske@att.net	'	)	,
(	556	,	'	Pagubă	'	,	'	Florea	'	,	'	chance@verizon.net	'	)	,
(	557	,	'	Macariu	'	,	'	Leonidas	'	,	'	webteam@mac.com	'	)	,
(	558	,	'	Văcariu	'	,	'	Florian	'	,	'	jaffe@me.com	'	)	,
(	559	,	'	Sabou	'	,	'	Eduard	'	,	'	stellaau@gmail.com	'	)	,
(	560	,	'	Văcăroiu	'	,	'	Codruț	'	,	'	jschauma@yahoo.ca	'	)	,
(	561	,	'	Macavei	'	,	'	Flaviu	'	,	'	ilial@verizon.net	'	)	,
(	562	,	'	Lapoși	'	,	'	Iorgu	'	,	'	kewley@optonline.net	'	)	,
(	563	,	'	Oancăș	'	,	'	Giorgian	'	,	'	gomor@sbcglobal.net	'	)	,
(	564	,	'	Larie	'	,	'	Cosmin	'	,	'	errxn@outlook.com	'	)	,
(	565	,	'	Vedinaș	'	,	'	Iuliu	'	,	'	geeber@sbcglobal.net	'	)	,
(	566	,	'	Veghinaș	'	,	'	Edgar	'	,	'	matsn@verizon.net	'	)	,
(	567	,	'	Radovanu	'	,	'	Gelu	'	,	'	bdbrown@gmail.com	'	)	,
(	568	,	'	Malciolu	'	,	'	Ion	'	,	'	greear@msn.com	'	)	,
(	569	,	'	Șamotă	'	,	'	Iacob	'	,	'	punkis@att.net	'	)	,
(	570	,	'	Macău	'	,	'	Irinel	'	,	'	rkobes@att.net	'	)	,
(	571	,	'	Țiparu	'	,	'	Ducu	'	,	'	josephw@yahoo.ca	'	)	,
(	572	,	'	Țipilică	'	,	'	Ernest	'	,	'	mjewell@sbcglobal.net	'	)	,
(	573	,	'	Pelican	'	,	'	Daniel	'	,	'	nwiger@yahoo.ca	'	)	,
(	574	,	'	Lari	'	,	'	Marinel	'	,	'	drolsky@me.com	'	)	,
(	575	,	'	Macaveiu	'	,	'	Doru	'	,	'	bmorrow@yahoo.ca	'	)	,
(	576	,	'	Veja	'	,	'	Martin	'	,	'	jeffcovey@icloud.com	'	)	,
(	577	,	'	Malcoci	'	,	'	Haralamb	'	,	'	rhavyn@hotmail.com	'	)	,
(	578	,	'	Tablă	'	,	'	Leordean	'	,	'	erynf@att.net	'	)	,
(	579	,	'	Oană	'	,	'	Lică	'	,	'	ovprit@comcast.net	'	)	,
(	580	,	'	Oance	'	,	'	Constantin	'	,	'	pavel@sbcglobal.net	'	)	,
(	581	,	'	Răcătean	'	,	'	Ionică	'	,	'	solomon@mac.com	'	)	,
(	582	,	'	Țiperu	'	,	'	Gabriel	'	,	'	overbom@yahoo.com	'	)	,
(	583	,	'	Macaria	'	,	'	Florentin	'	,	'	tokuhirom@yahoo.ca	'	)	,
(	584	,	'	Malcovici	'	,	'	Grațian	'	,	'	conteb@msn.com	'	)	,
(	585	,	'	Teodoreanu	'	,	'	Darius	'	,	'	sscorpio@me.com	'	)	,
(	586	,	'	Radu	'	,	'	Dominic	'	,	'	intlprog@icloud.com	'	)	,
(	587	,	'	Pelian	'	,	'	Felix	'	,	'	aaribaud@att.net	'	)	,
(	588	,	'	Șerpe	'	,	'	Isidor	'	,	'	codex@icloud.com	'	)	,
(	589	,	'	Samuel	'	,	'	Ilarion	'	,	'	ralamosm@hotmail.com	'	)	,
(	590	,	'	Negrescu	'	,	'	Filip	'	,	'	zyghom@mac.com	'	)	,
(	591	,	'	Tacea	'	,	'	@	'	,	'	dieman@att.net	'	)	,
(	592	,	'	Răceanu	'	,	'	Fiodor	'	,	'	kewley@yahoo.com	'	)	,
(	593	,	'	Macavencu	'	,	'	Leonid	'	,	'	thaljef@comcast.net	'	)	,
(	594	,	'	Veghea	'	,	'	Dragoș	'	,	'	noneme@me.com	'	)	,
(	595	,	'	Teodor	'	,	'	Laurențiu	'	,	'	emmanuel@me.com	'	)	,
(	596	,	'	Șalău	'	,	'	Gabi	'	,	'	saridder@comcast.net	'	)	,
(	597	,	'	Șalvari	'	,	'	Francisc	'	,	'	richard@mac.com	'	)	,
(	598	,	'	Udiștenu	'	,	'	Cristinel	'	,	'	pavel@yahoo.ca	'	)	,
(	599	,	'	Malaxa	'	,	'	Marius	'	,	'	engelen@me.com	'	)	,
(	600	,	'	Largu	'	,	'	Grigore	'	,	'	vmalik@live.com	'	)	,
(	601	,	'	Radoveanu	'	,	'	Matei	'	,	'	gospodin@comcast.net	'	)	,
(	602	,	'	Tabor	'	,	'	Dacian	'	,	'	boomzilla@optonline.net	'	)	,
(	603	,	'	Sachin	'	,	'	Codrin	'	,	'	bjoern@hotmail.com	'	)	,
(	604	,	'	Lapteacru	'	,	'	Eustațiu	'	,	'	breegster@hotmail.com	'	)	,
(	605	,	'	Oajdea	'	,	'	Costel	'	,	'	nasor@icloud.com	'	)	,
(	606	,	'	Macarin	'	,	'	Lucențiu	'	,	'	gtaylor@gmail.com	'	)	,
(	607	,	'	Oancea	'	,	'	Manole	'	,	'	nachbaur@yahoo.ca	'	)	,
(	608	,	'	Răcean	'	,	'	Gică	'	,	'	baveja@comcast.net	'	)	,
(	609	,	'	Samuil	'	,	'	Dinu	'	,	'	kevinm@gmail.com	'	)	,
(	610	,	'	Zamfir	'	,	'	Ilarie	'	,	'	ntegrity@me.com	'	)	,
(	611	,	'	Zambilă	'	,	'	Cristofor	'	,	'	lahvak@comcast.net	'	)	,
(	612	,	'	Zamfira	'	,	'	Iurie	'	,	'	tristan@mac.com	'	)	,
(	613	,	'	Zamfirescu	'	,	'	Jan	'	,	'	staffelb@me.com	'	)	,
(	614	,	'	Zamfirache	'	,	'	Georgel	'	,	'	avalon@icloud.com	'	)	,
(	615	,	'	Zamferoiu	'	,	'	Costică	'	,	'	ozawa@optonline.net	'	)	,
(	616	,	'	Zamficu	'	,	'	Damian	'	,	'	credmond@optonline.net	'	)	,
(	617	,	'	Zaharia	'	,	'	Marin	'	,	'	lridener@outlook.com	'	)	,
(	618	,	'	Zamfiescu	'	,	'	Dorel	'	,	'	sinkou@aol.com	'	)	,
(	619	,	'	Udobă	'	,	'	Iliuță	'	,	'	yruan@comcast.net	'	)	,
(	620	,	'	Peli	'	,	'	Eugen	'	,	'	murty@sbcglobal.net	'	)	,
(	621	,	'	Sabo	'	,	'	Fabian	'	,	'	mobileip@aol.com	'	)	,
(	622	,	'	Țiparu	'	,	'	Ghenadie	'	,	'	reeds@optonline.net	'	)	,
(	623	,	'	Macău	'	,	'	Ivan	'	,	'	rhavyn@outlook.com	'	)	,
(	624	,	'	Oance	'	,	'	Crin	'	,	'	kiddailey@me.com	'	)	,
(	625	,	'	Padurenu	'	,	'	Dorinel	'	,	'	geoffr@verizon.net	'	)	,
(	626	,	'	Pelican	'	,	'	Iosif	'	,	'	miturria@aol.com	'	)	,
(	627	,	'	Negreș	'	,	'	Gregorian	'	,	'	drhyde@att.net	'	)	,
(	628	,	'	Lapoși	'	,	'	George	'	,	'	ralamosm@aol.com	'	)	,
(	629	,	'	Malcocian	'	,	'	Ilie	'	,	'	mahbub@outlook.com	'	)	,
(	630	,	'	Udiștreanu	'	,	'	Horea	'	,	'	ghaviv@gmail.com	'	)	,
(	631	,	'	Tabugan	'	,	'	Emanuil	'	,	'	sharon@hotmail.com	'	)	,
(	632	,	'	Udovița	'	,	'	Ionel	'	,	'	thassine@att.net	'	)	,
(	633	,	'	Macarin	'	,	'	Gherasim	'	,	'	brbarret@sbcglobal.net	'	)	,
(	634	,	'	Oancă	'	,	'	Dan	'	,	'	andale@aol.com	'	)	,
(	635	,	'	Kirițescu	'	,	'	Ludovic	'	,	'	tangsh@hotmail.com	'	)	,
(	636	,	'	Șerpar	'	,	'	Ioniță	'	,	'	boser@comcast.net	'	)	,
(	637	,	'	Oală	'	,	'	Horică	'	,	'	jaarnial@icloud.com	'	)	,
(	638	,	'	Nadăș	'	,	'	Igor	'	,	'	dburrows@sbcglobal.net	'	)	,
(	639	,	'	Udma	'	,	'	Lascăr	'	,	'	whimsy@msn.com	'	)	,
(	640	,	'	Macavencu	'	,	'	Decebal	'	,	'	ardagna@optonline.net	'	)	,
(	641	,	'	Naghi	'	,	'	Costache	'	,	'	moonlapse@comcast.net	'	)	,
(	642	,	'	Șalvar	'	,	'	Gicu	'	,	'	jshearer@verizon.net	'	)	,
(	643	,	'	Teodorescu	'	,	'	Inocențiu	'	,	'	geekoid@optonline.net	'	)	,
(	644	,	'	Lapte	'	,	'	Horațiu	'	,	'	gtaylor@yahoo.com	'	)	,
(	645	,	'	Nadeș	'	,	'	Cornel	'	,	'	kmiller@mac.com	'	)	,
(	646	,	'	Peleș	'	,	'	Eremia	'	,	'	natepuri@aol.com	'	)	,
(	647	,	'	Padina	'	,	'	Cristian	'	,	'	druschel@sbcglobal.net	'	)	,
(	648	,	'	Pagu	'	,	'	Faust	'	,	'	djpig@yahoo.com	'	)	,
(	649	,	'	Paflea	'	,	'	Gheorghiță	'	,	'	philb@me.com	'	)	,
(	650	,	'	Udiștrian	'	,	'	Horia	'	,	'	flaviog@icloud.com	'	)	,
(	651	,	'	Macaveiu	'	,	'	Raul	'	,	'	eabrown@gmail.com	'	)	,
(	652	,	'	Lari	'	,	'	Zaharia	'	,	'	crimsane@att.net	'	)	,
(	653	,	'	Radovanu	'	,	'	Nelu	'	,	'	raines@hotmail.com	'	)	,
(	654	,	'	Udiștrean	'	,	'	Petruț	'	,	'	quinn@sbcglobal.net	'	)	,
(	655	,	'	Login	'	,	'	Mircea	'	,	'	fangorn@yahoo.ca	'	)	,
(	656	,	'	Mada	'	,	'	Niculiță	'	,	'	mcnihil@aol.com	'	)	,
(	657	,	'	Tacea	'	,	'	Petre	'	,	'	lauronen@hotmail.com	'	)	,
(	658	,	'	Macarof	'	,	'	Nicolae	'	,	'	alhajj@live.com	'	)	,
(	659	,	'	Macea	'	,	'	Trandafir	'	,	'	muadip@gmail.com	'	)	,
(	660	,	'	Macaria	'	,	'	Mihăiță	'	,	'	kaiser@verizon.net	'	)	,
(	661	,	'	Udilă	'	,	'	Noris	'	,	'	jonathan@att.net	'	)	,
(	662	,	'	Șalău	'	,	'	Miron	'	,	'	maikelnai@mac.com	'	)	,
(	663	,	'	Loghin	'	,	'	Pleșu	'	,	'	rnelson@outlook.com	'	)	,
(	664	,	'	Tace	'	,	'	Severin	'	,	'	bartak@me.com	'	)	,
(	665	,	'	Șamotă	'	,	'	Mitică	'	,	'	tbmaddux@yahoo.com	'	)	,
(	666	,	'	Logean	'	,	'	Mugur	'	,	'	rnelson@msn.com	'	)	,
(	667	,	'	Jeleru	'	,	'	Viorel	'	,	'	tubesteak@verizon.net	'	)	,
(	668	,	'	Oaie	'	,	'	Panait	'	,	'	sagal@mac.com	'	)	,
(	669	,	'	Teodor	'	,	'	Mihail	'	,	'	pontipak@live.com	'	)	,
(	670	,	'	Oancăș	'	,	'	Relu	'	,	'	jbarta@live.com	'	)	,
(	671	,	'	Loghiu	'	,	'	Valentin	'	,	'	oster@aol.com	'	)	,
(	672	,	'	Malcociu	'	,	'	Stan	'	,	'	mbswan@msn.com	'	)	,
(	673	,	'	Madan	'	,	'	Mitruț	'	,	'	msroth@live.com	'	)	,
(	674	,	'	Răceală	'	,	'	Silvian	'	,	'	jhardin@icloud.com	'	)	,
(	675	,	'	Sachelarie	'	,	'	Valer	'	,	'	sequin@icloud.com	'	)	,
(	676	,	'	Șalgău	'	,	'	Visarion	'	,	'	kourai@live.com	'	)	,
(	677	,	'	Țipirig	'	,	'	Petrică	'	,	'	choset@sbcglobal.net	'	)	,
(	678	,	'	Pelian	'	,	'	Voicu	'	,	'	leviathan@hotmail.com	'	)	,
(	679	,	'	Țiperciuc	'	,	'	Teohari	'	,	'	msherr@outlook.com	'	)	,
(	680	,	'	Malciolu	'	,	'	Virgil	'	,	'	harryh@yahoo.ca	'	)	,
(	681	,	'	Răcătean	'	,	'	Olimpiu	'	,	'	arandal@msn.com	'	)	,
(	682	,	'	Loga	'	,	'	Răducu	'	,	'	itstatus@outlook.com	'	)	,
(	683	,	'	Largu	'	,	'	Pavel	'	,	'	chrisk@hotmail.com	'	)	,
(	684	,	'	Lapoviță	'	,	'	Vlad	'	,	'	carmena@yahoo.com	'	)	,
(	685	,	'	Jeler	'	,	'	Olimpian	'	,	'	seebs@me.com	'	)	,
(	686	,	'	Malcea	'	,	'	Valeriu	'	,	'	yenya@me.com	'	)	,
(	687	,	'	Radovan	'	,	'	Traian	'	,	'	quantaman@yahoo.ca	'	)	,
(	688	,	'	Negrescu	'	,	'	Titus	'	,	'	solomon@att.net	'	)	,
(	689	,	'	Lapoș	'	,	'	Ștefan	'	,	'	kmiller@mac.com	'	)	,
(	690	,	'	Oajdea	'	,	'	Narcis	'	,	'	dieman@msn.com	'	)	,
(	691	,	'	Răcătău	'	,	'	Mina	'	,	'	mobileip@hotmail.com	'	)	,
(	692	,	'	Țipă	'	,	'	Sava	'	,	'	shawnce@sbcglobal.net	'	)	,
(	693	,	'	Radovicescu	'	,	'	Zamfir	'	,	'	inico@verizon.net	'	)	,
(	694	,	'	Pagubă	'	,	'	Simion	'	,	'	dsugal@hotmail.com	'	)	,
(	695	,	'	Padoriș	'	,	'	Veniamin	'	,	'	petersen@yahoo.com	'	)	,
(	696	,	'	Pelgher	'	,	'	Octav	'	,	'	pgolle@sbcglobal.net	'	)	,
(	697	,	'	Logan	'	,	'	Nicuță	'	,	'	osrin@icloud.com	'	)	,
(	698	,	'	Radu	'	,	'	Nicușor	'	,	'	mdielmann@sbcglobal.net	'	)	,
(	699	,	'	Lapteș	'	,	'	Petrișor	'	,	'	webteam@outlook.com	'	)	,
(	700	,	'	Negrean	'	,	'	Pintiliu	'	,	'	dwendlan@comcast.net	'	)	,
(	701	,	'	Lar	'	,	'	Octavian	'	,	'	sabren@me.com	'	)	,
(	702	,	'	Țion	'	,	'	Paul	'	,	'	baveja@live.com	'	)	,
(	703	,	'	Radovici	'	,	'	Mihnea	'	,	'	presoff@verizon.net	'	)	,
(	704	,	'	Malcocea	'	,	'	Octaviu	'	,	'	yzheng@msn.com	'	)	,
(	705	,	'	Tabor	'	,	'	Remus	'	,	'	hillct@sbcglobal.net	'	)	,
(	706	,	'	Malaxa	'	,	'	Vasilică	'	,	'	lstaf@me.com	'	)	,
(	707	,	'	Șalvari	'	,	'	Romulus	'	,	'	jmcnamara@msn.com	'	)	,
(	708	,	'	Negrea	'	,	'	Norman	'	,	'	barnett@msn.com	'	)	,
(	709	,	'	Radoveanu	'	,	'	Mihai	'	,	'	anicolao@optonline.net	'	)	,
(	710	,	'	Macarie	'	,	'	Nechifor	'	,	'	osaru@mac.com	'	)	,
(	711	,	'	Jelescu	'	,	'	Răzvan	'	,	'	karasik@me.com	'	)	,
(	712	,	'	Page	'	,	'	Sinică	'	,	'	slanglois@sbcglobal.net	'	)	,
(	713	,	'	Male	'	,	'	Nae	'	,	'	dexter@live.com	'	)	,
(	714	,	'	Udiștenu	'	,	'	Rafael	'	,	'	ajohnson@gmail.com	'	)	,
(	715	,	'	Șaluparu	'	,	'	Septimiu	'	,	'	ramollin@verizon.net	'	)	,
(	716	,	'	Țipău	'	,	'	Romeo	'	,	'	mhoffman@msn.com	'	)	,
(	717	,	'	Răcean	'	,	'	Valter	'	,	'	nwiger@verizon.net	'	)	,
(	718	,	'	Sabou	'	,	'	Șerban	'	,	'	crimsane@live.com	'	)	,
(	719	,	'	Jeleriu	'	,	'	Ovidiu	'	,	'	kingma@mac.com	'	)	,
(	720	,	'	Malcoci	'	,	'	Vlaicu	'	,	'	dcoppit@verizon.net	'	)	,
(	721	,	'	Tache	'	,	'	Zeno	'	,	'	tedrlord@icloud.com	'	)	,
(	722	,	'	Negrei	'	,	'	Radu	'	,	'	muzzy@icloud.com	'	)	,
(	723	,	'	Teodora	'	,	'	Oliviu	'	,	'	mchugh@gmail.com	'	)	,
(	724	,	'	Teodoreanu	'	,	'	Sandu	'	,	'	jrifkin@sbcglobal.net	'	)	,
(	725	,	'	Udișteanu	'	,	'	Toma	'	,	'	atmarks@me.com	'	)	,
(	726	,	'	Udiștrianu	'	,	'	Pătru	'	,	'	ranasta@optonline.net	'	)	,
(	727	,	'	Samuel	'	,	'	Sorin	'	,	'	dougj@outlook.com	'	)	,
(	728	,	'	Teodorel	'	,	'	Tiberiu	'	,	'	nelson@comcast.net	'	)	,
(	729	,	'	Kirșner	'	,	'	Nicolaie	'	,	'	squirrel@gmail.com	'	)	,
(	730	,	'	Udoi	'	,	'	Romică	'	,	'	skoch@aol.com	'	)	,
(	731	,	'	Lapteacru	'	,	'	Stelian	'	,	'	djpig@optonline.net	'	)	,
(	732	,	'	Malea	'	,	'	Panagachie	'	,	'	flakeg@aol.com	'	)	,
(	733	,	'	Lare	'	,	'	Theodor	'	,	'	doche@att.net	'	)	,
(	734	,	'	Șalcău	'	,	'	Oliver	'	,	'	leakin@icloud.com	'	)	,
(	735	,	'	Larion	'	,	'	Nicu	'	,	'	louise@mac.com	'	)	,
(	736	,	'	Macariu	'	,	'	Vicențiu	'	,	'	nighthawk@outlook.com	'	)	,
(	737	,	'	Nagâț	'	,	'	Vincențiu	'	,	'	hwestiii@outlook.com	'	)	,
(	738	,	'	Țipilică	'	,	'	Nichifor	'	,	'	alias@aol.com	'	)	,
(	739	,	'	Logigan	'	,	'	Todor	'	,	'	pontipak@msn.com	'	)	,
(	740	,	'	Samuil	'	,	'	Sebastian	'	,	'	nicktrig@mac.com	'	)	,
(	741	,	'	Șamanțu	'	,	'	Sabin	'	,	'	dkrishna@sbcglobal.net	'	)	,
(	742	,	'	Șerpe	'	,	'	Sever	'	,	'	cliffski@mac.com	'	)	,
(	743	,	'	Șalin	'	,	'	Teodor	'	,	'	trygstad@yahoo.com	'	)	,
(	744	,	'	Udoviță	'	,	'	Petru	'	,	'	yruan@icloud.com	'	)	,
(	745	,	'	Saca	'	,	'	Vasile	'	,	'	grdschl@verizon.net	'	)	,
(	746	,	'	Tablă	'	,	'	Robert	'	,	'	johnbob@gmail.com	'	)	,
(	747	,	'	Sachin	'	,	'	Teofil	'	,	'	keutzer@live.com	'	)	,
(	748	,	'	Malcovici	'	,	'	Tudor	'	,	'	mschwartz@outlook.com	'	)	,
(	749	,	'	Sabuc	'	,	'	Simi	'	,	'	storerm@aol.com	'	)	,
(	750	,	'	Negreanu	'	,	'	Silviu	'	,	'	thowell@hotmail.com	'	)	,
(	751	,	'	Răceanu	'	,	'	Mărin	'	,	'	wilsonpm@me.com	'	)	,
(	752	,	'	Loghian	'	,	'	Stancu	'	,	'	birddog@yahoo.ca	'	)	,
(	753	,	'	Kiș	'	,	'	Pamfil	'	,	'	comdig@msn.com	'	)	,
(	754	,	'	Pag	'	,	'	Timotei	'	,	'	weidai@mac.com	'	)	,
(	755	,	'	Larie	'	,	'	Romi	'	,	'	howler@gmail.com	'	)	,
(	756	,	'	Sabu	'	,	'	Victor	'	,	'	gavollink@outlook.com	'	)	,
(	757	,	'	Oana	'	,	'	Nicodim	'	,	'	pgolle@att.net	'	)	,
(	758	,	'	Oană	'	,	'	Sandu	'	,	'	ryanshaw@optonline.net	'	)	,
(	759	,	'	Țiperu	'	,	'	Mitrofan	'	,	'	smcnabb@yahoo.ca	'	)	,
(	760	,	'	Loghinaș	'	,	'	Sergiu	'	,	'	tamas@verizon.net	'	)	,
(	761	,	'	Macavei	'	,	'	Rareș	'	,	'	konit@icloud.com	'	)	,
(	762	,	'	Oaidă	'	,	'	Vladimir	'	,	'	jfreedma@live.com	'	)	,
(	763	,	'	Padurarau	'	,	'	Pompiliu	'	,	'	kingma@mac.com	'	)	,
(	764	,	'	Jeleri	'	,	'	Nicoară	'	,	'	campbell@verizon.net	'	)	,
(	765	,	'	Malciu	'	,	'	Moise	'	,	'	spadkins@msn.com	'	)	,
(	766	,	'	Oancea	'	,	'	Norbert	'	,	'	burniske@yahoo.ca	'	)	,
(	767	,	'	Teodorașcu	'	,	'	Mugurel	'	,	'	jrifkin@yahoo.com	'	);